-- phpMyAdmin SQL Dump
-- version 3.5.2.2
-- http://www.phpmyadmin.net
--
-- Servidor: 127.0.0.1
-- Tiempo de generación: 11-07-2013 a las 23:20:46
-- Versión del servidor: 5.5.27
-- Versión de PHP: 5.4.7

SET SQL_MODE="NO_AUTO_VALUE_ON_ZERO";
SET time_zone = "+00:00";


/*!40101 SET @OLD_CHARACTER_SET_CLIENT=@@CHARACTER_SET_CLIENT */;
/*!40101 SET @OLD_CHARACTER_SET_RESULTS=@@CHARACTER_SET_RESULTS */;
/*!40101 SET @OLD_COLLATION_CONNECTION=@@COLLATION_CONNECTION */;
/*!40101 SET NAMES utf8 */;

--
-- Base de datos: `proyecto2_final`
--

-- --------------------------------------------------------

--
-- Estructura de tabla para la tabla `comunas`
--

CREATE TABLE IF NOT EXISTS `comunas` (
  `idComunas` int(11) NOT NULL AUTO_INCREMENT,
  `Nombre_Comunas` varchar(80) CHARACTER SET latin1 DEFAULT NULL,
  `idProvincias` int(11) NOT NULL,
  `Estado` tinyint(1) NOT NULL,
  `Fecha` timestamp NOT NULL DEFAULT CURRENT_TIMESTAMP ON UPDATE CURRENT_TIMESTAMP,
  `idUsuariosAudit` int(11) NOT NULL,
  PRIMARY KEY (`idComunas`),
  KEY `idUsuariosAudit` (`idUsuariosAudit`),
  KEY `idProvincias` (`idProvincias`)
) ENGINE=InnoDB  DEFAULT CHARSET=utf8 COLLATE=utf8_spanish_ci AUTO_INCREMENT=40 ;

--
-- Volcado de datos para la tabla `comunas`
--

INSERT INTO `comunas` (`idComunas`, `Nombre_Comunas`, `idProvincias`, `Estado`, `Fecha`, `idUsuariosAudit`) VALUES
(1, 'Isla de Pascua', 1, 1, '2013-06-11 19:38:33', 2),
(2, 'Calle Larga', 2, 1, '2013-06-11 19:38:33', 2),
(3, 'Los Andes', 2, 1, '2013-06-11 19:38:33', 2),
(4, 'Rinconada', 2, 1, '2013-06-11 19:38:33', 2),
(5, 'San Esteban', 2, 1, '2013-06-11 19:38:33', 2),
(6, 'Limache', 3, 1, '2013-06-11 19:38:33', 2),
(7, 'Olmué', 3, 1, '2013-06-11 19:38:33', 2),
(8, 'Quilpué', 3, 1, '2013-06-11 19:38:33', 2),
(9, 'Villa Alemana', 3, 1, '2013-06-11 19:38:33', 2),
(10, 'Cabildo', 4, 1, '2013-06-11 19:38:33', 2),
(11, 'La Ligua', 4, 1, '2013-06-11 19:38:33', 2),
(12, 'Papudo', 4, 1, '2013-06-11 19:38:33', 2),
(13, 'Petorca', 4, 1, '2013-07-04 20:34:37', 2),
(14, 'Zapallar', 4, 1, '2013-07-04 20:34:37', 2),
(15, 'Hijuelas', 5, 1, '2013-07-04 20:34:37', 2),
(16, 'La Calera', 5, 1, '2013-07-04 20:34:37', 2),
(17, 'La Cruz', 5, 1, '2013-07-04 20:34:37', 2),
(18, 'Nogales', 5, 1, '2013-07-04 20:34:37', 2),
(19, 'Quillota', 5, 1, '2013-07-04 20:34:37', 2),
(20, 'Algarrobo', 6, 1, '2013-07-04 20:34:37', 2),
(21, 'Cartagena', 6, 1, '2013-07-04 20:34:37', 2),
(22, 'El Quisco', 6, 1, '2013-07-04 20:34:37', 2),
(23, 'El Tabo', 6, 1, '2013-07-04 20:34:37', 2),
(24, 'San Antonio', 6, 1, '2013-07-04 20:34:37', 2),
(25, 'Santo Domingo', 6, 1, '2013-07-04 20:34:37', 2),
(26, 'Catemu', 7, 1, '2013-07-04 20:34:37', 2),
(27, 'Llay-Llay', 7, 1, '2013-07-04 20:34:37', 2),
(28, 'Panquehue', 7, 1, '2013-07-04 20:34:37', 2),
(29, 'Putaendo', 7, 1, '2013-07-04 20:34:37', 2),
(30, 'San Felipe', 7, 1, '2013-07-04 20:34:37', 2),
(31, 'Santa María', 7, 1, '2013-07-04 20:34:37', 2),
(32, 'Casablanca', 8, 1, '2013-07-04 20:34:37', 2),
(33, 'Concon', 8, 1, '2013-07-04 20:34:37', 2),
(34, 'Juan Fernández', 8, 1, '2013-07-04 20:34:37', 2),
(35, 'Puchuncaví', 8, 1, '2013-07-04 20:34:37', 2),
(36, 'Quintero', 8, 1, '2013-07-04 20:34:37', 2),
(37, NULL, 8, 1, '2013-07-04 20:34:37', 2),
(38, 'Valparaíso', 8, 1, '2013-07-04 20:34:37', 2),
(39, 'Viña del Mar', 8, 1, '2013-07-04 20:34:37', 2);

-- --------------------------------------------------------

--
-- Estructura de tabla para la tabla `correoelectronico`
--

CREATE TABLE IF NOT EXISTS `correoelectronico` (
  `idCorreoElectronico` int(11) NOT NULL AUTO_INCREMENT,
  `Correo` varchar(80) DEFAULT NULL,
  `Envio` tinyint(1) DEFAULT NULL,
  `idPersonas` int(11) NOT NULL,
  `idTipo` int(11) NOT NULL,
  `Estado` tinyint(1) NOT NULL,
  `Fecha` timestamp NOT NULL DEFAULT CURRENT_TIMESTAMP ON UPDATE CURRENT_TIMESTAMP,
  `idUsuariosAudit` int(11) NOT NULL,
  PRIMARY KEY (`idCorreoElectronico`),
  KEY `idUsuariosAudit` (`idUsuariosAudit`),
  KEY `idPersonas` (`idPersonas`),
  KEY `idTipo` (`idTipo`)
) ENGINE=InnoDB  DEFAULT CHARSET=latin1 AUTO_INCREMENT=16 ;

--
-- Volcado de datos para la tabla `correoelectronico`
--

INSERT INTO `correoelectronico` (`idCorreoElectronico`, `Correo`, `Envio`, `idPersonas`, `idTipo`, `Estado`, `Fecha`, `idUsuariosAudit`) VALUES
(1, 'freakboybeta@gmail.com', 1, 1, 8, 1, '2013-07-05 01:03:40', 2),
(13, 'mauro_vargas@asda.com', 1, 53, 7, 1, '2013-07-11 21:13:07', 2),
(15, 'paty@negocios.cl', 1, 56, 7, 1, '2013-07-11 21:16:43', 2);

-- --------------------------------------------------------

--
-- Estructura de tabla para la tabla `direccion`
--

CREATE TABLE IF NOT EXISTS `direccion` (
  `idDireccion` int(11) NOT NULL AUTO_INCREMENT,
  `Calle` varchar(80) DEFAULT NULL,
  `Numero` int(11) DEFAULT NULL,
  `Villa-Poblacion-Condominio` varchar(80) DEFAULT NULL,
  `Piso` varchar(80) DEFAULT NULL,
  `Block` varchar(80) DEFAULT NULL,
  `Sector` varchar(80) DEFAULT NULL,
  `idPersonas` int(11) NOT NULL,
  `idComunas` int(11) NOT NULL,
  `idTipo` int(11) NOT NULL,
  `Estado` tinyint(1) NOT NULL,
  `Fecha` timestamp NOT NULL DEFAULT CURRENT_TIMESTAMP ON UPDATE CURRENT_TIMESTAMP,
  `idUsuariosAudit` int(11) NOT NULL,
  PRIMARY KEY (`idDireccion`),
  KEY `idUsuariosAudit` (`idUsuariosAudit`),
  KEY `idPersonas` (`idPersonas`),
  KEY `idComunas` (`idComunas`),
  KEY `idTipo` (`idTipo`)
) ENGINE=InnoDB  DEFAULT CHARSET=latin1 AUTO_INCREMENT=66 ;

--
-- Volcado de datos para la tabla `direccion`
--

INSERT INTO `direccion` (`idDireccion`, `Calle`, `Numero`, `Villa-Poblacion-Condominio`, `Piso`, `Block`, `Sector`, `idPersonas`, `idComunas`, `idTipo`, `Estado`, `Fecha`, `idUsuariosAudit`) VALUES
(3, 'Alejandro navarrete', 260, 'nueva aurora', NULL, NULL, NULL, 1, 27, 5, 1, '2013-07-11 03:17:02', 2),
(5, 'España', 546, 'Miraflores', NULL, NULL, NULL, 14, 32, 5, 1, '2013-07-09 03:16:44', 2),
(7, 'Valparaíso', 457, 'Viña del mar', NULL, NULL, NULL, 14, 32, 6, 0, '2013-07-09 03:16:44', 2),
(11, 'Errazuriz', 8789, 'Valparaíso centro', '', '', NULL, 14, 38, 6, 1, '2013-07-09 20:53:03', 2),
(46, 'Quillota', 56565, 'viña del mar', '5', '223', 'viña del mar centro', 14, 39, 6, 1, '2013-07-11 03:17:02', 2),
(47, 'Viana', 234, '', '', '', 'Viña centro', 14, 39, 6, 1, '2013-07-10 00:20:06', 2),
(48, 'Libertad', 25112, 'Viña del mar', '3', '', 'Los dominicos', 13, 39, 6, 1, '2013-07-10 00:21:42', 2),
(49, 'Traslaviña', 454, 'viña del mar', '', '', 'centro', 14, 39, 6, 1, '2013-07-10 00:42:27', 2),
(50, 'Libertad', 2980, '', '', '', 'Centro', 14, 39, 6, 1, '2013-07-11 03:37:48', 2),
(51, 'Perez prado', 987, 'Hijuelas', '5', '', 'Alto', 14, 20, 6, 1, '2013-07-11 11:46:41', 2),
(52, 'Alerce', 8754, 'Peñuelas', '4', '120', 'Alto', 13, 38, 6, 1, '2013-07-11 07:58:08', 2),
(53, 'Quillota', 1287, 'Quillota', '', '', 'Centro', 14, 19, 6, 1, '2013-07-11 08:00:47', 2),
(54, 'San vicente', 3433, 'Vicente ', '', '', 'Sur', 14, 28, 6, 1, '2013-07-11 08:18:19', 2),
(55, 'Libertad', 8787, '', '4', '', 'Nor Poniente ', 14, 39, 6, 1, '2013-07-11 11:48:32', 2),
(56, 'Libertad', 2342, '', '', '', 'Nor poniente', 14, 39, 6, 1, '2013-07-11 11:52:01', 2),
(57, 'Calle larga', 5454, 'Miramar', '', '', 'Alto', 14, 2, 6, 1, '2013-07-11 11:53:29', 2),
(64, 'El lado oscuro', 23234, 'Hola k ase', '3', 'blocks', 'Oscuro', 53, 33, 6, 1, '2013-07-11 21:07:54', 2),
(65, 'Calle alta', 23423, 'Villa alta', '2', '332', 'Sector alto', 56, 21, 6, 1, '2013-07-11 21:16:43', 2);

-- --------------------------------------------------------

--
-- Estructura de tabla para la tabla `empresa`
--

CREATE TABLE IF NOT EXISTS `empresa` (
  `idEmpresa` int(11) NOT NULL AUTO_INCREMENT,
  `Nombre_Empresa` varchar(80) DEFAULT NULL,
  `rutEmpresa` varchar(15) NOT NULL,
  `Descripcion_es` varchar(100) DEFAULT NULL,
  `Descripcion_en` varchar(100) DEFAULT NULL,
  `razon_social` varchar(80) DEFAULT NULL,
  `idUsuarios` int(11) NOT NULL,
  `Estado` tinyint(1) NOT NULL,
  `Fecha` timestamp NOT NULL DEFAULT CURRENT_TIMESTAMP ON UPDATE CURRENT_TIMESTAMP,
  `idUsuariosAudit` int(11) NOT NULL,
  PRIMARY KEY (`idEmpresa`),
  KEY `idUsuariosAudit` (`idUsuariosAudit`),
  KEY `idUsuarios` (`idUsuarios`)
) ENGINE=InnoDB  DEFAULT CHARSET=latin1 AUTO_INCREMENT=7 ;

--
-- Volcado de datos para la tabla `empresa`
--

INSERT INTO `empresa` (`idEmpresa`, `Nombre_Empresa`, `rutEmpresa`, `Descripcion_es`, `Descripcion_en`, `razon_social`, `idUsuarios`, `Estado`, `Fecha`, `idUsuariosAudit`) VALUES
(1, 'El Guanton', '12345678-9', 'Empresa de comida rápida', 'Fast food business', 'Camilo Contreras y cia Ltda.', 4, 1, '2013-07-04 21:32:15', 2),
(4, 'Peones express', '7878787', 'Peoncios', 'Peontioneichons', 'Peoncio lmtda', 7, 1, '2013-07-08 01:57:57', 2),
(5, 'pedrosky_chulosky', '45645456-8', 'Peluqueros', 'headcutters xD', 'Empresa de peluquería', 8, 1, '2013-07-11 02:51:38', 2),
(6, 'Camilonsios', '1212121-1', 'camilito es', 'camilito en', 'CAMI LTDA', 9, 1, '2013-07-08 04:40:34', 2);

-- --------------------------------------------------------

--
-- Estructura de tabla para la tabla `formapago`
--

CREATE TABLE IF NOT EXISTS `formapago` (
  `idFormaPago` int(11) NOT NULL AUTO_INCREMENT,
  `Nombre_FormaPago` varchar(80) DEFAULT NULL,
  `estado` tinyint(1) NOT NULL,
  `fecha` timestamp NOT NULL DEFAULT CURRENT_TIMESTAMP ON UPDATE CURRENT_TIMESTAMP,
  `idUsuariosAudit` int(11) NOT NULL,
  PRIMARY KEY (`idFormaPago`),
  KEY `idUsuariosAudit` (`idUsuariosAudit`)
) ENGINE=InnoDB  DEFAULT CHARSET=latin1 AUTO_INCREMENT=18 ;

--
-- Volcado de datos para la tabla `formapago`
--

INSERT INTO `formapago` (`idFormaPago`, `Nombre_FormaPago`, `estado`, `fecha`, `idUsuariosAudit`) VALUES
(1, 'Efectivo', 1, '2013-07-04 21:48:04', 2),
(2, 'Cheque Bancario', 1, '2013-07-04 21:48:04', 2),
(3, 'Tarjeta Junaeb', 1, '2013-07-04 21:48:04', 2),
(4, 'Cheque Sodexo', 1, '2013-07-04 21:48:04', 2),
(5, 'Cheque Edenred', 1, '2013-07-04 21:48:04', 2),
(6, 'Redcompra', 1, '2013-07-04 21:48:34', 2),
(7, 'Visa', 1, '2013-07-04 21:48:34', 2),
(8, 'MasterCard', 1, '2013-07-04 21:48:45', 2),
(9, 'Ripley', 1, '2013-07-09 11:14:35', 2),
(10, 'Presto', 1, '2013-07-09 11:14:35', 2),
(11, 'Falabella', 1, '2013-07-09 11:14:35', 2),
(12, 'Cencosud', 1, '2013-07-09 11:14:35', 2),
(13, 'La polar', 1, '2013-07-10 09:04:38', 2),
(14, 'Copec', 1, '2013-07-10 09:04:38', 2),
(15, 'ABC Din', 1, '2013-07-10 09:04:38', 2),
(16, 'RedBanc', 1, '2013-07-10 09:04:38', 2),
(17, 'Cuenta rut', 1, '2013-07-10 09:04:38', 2);

-- --------------------------------------------------------

--
-- Estructura de tabla para la tabla `formapagolocal`
--

CREATE TABLE IF NOT EXISTS `formapagolocal` (
  `idFormaPagoLocal` int(11) NOT NULL AUTO_INCREMENT,
  `idLocal` int(11) NOT NULL,
  `idFormaPago` int(11) NOT NULL,
  `Estado` tinyint(1) NOT NULL,
  `Fecha` timestamp NOT NULL DEFAULT CURRENT_TIMESTAMP ON UPDATE CURRENT_TIMESTAMP,
  `idUsuariosAudit` int(11) NOT NULL,
  PRIMARY KEY (`idFormaPagoLocal`,`idLocal`,`idFormaPago`),
  KEY `idUsuariosAudit` (`idUsuariosAudit`),
  KEY `idLocal` (`idLocal`),
  KEY `idFormaPago` (`idFormaPago`)
) ENGINE=InnoDB  DEFAULT CHARSET=latin1 AUTO_INCREMENT=5 ;

--
-- Volcado de datos para la tabla `formapagolocal`
--

INSERT INTO `formapagolocal` (`idFormaPagoLocal`, `idLocal`, `idFormaPago`, `Estado`, `Fecha`, `idUsuariosAudit`) VALUES
(3, 1, 1, 1, '2013-07-04 21:49:49', 2),
(4, 1, 2, 1, '2013-07-04 21:49:49', 2);

-- --------------------------------------------------------

--
-- Estructura de tabla para la tabla `ingredientes`
--

CREATE TABLE IF NOT EXISTS `ingredientes` (
  `idIngredientes` int(11) NOT NULL AUTO_INCREMENT,
  `Nombre_Ingredientes_es` varchar(80) DEFAULT NULL,
  `Nombre_Ingredientes_en` varchar(80) DEFAULT NULL,
  `Estado` tinyint(1) NOT NULL,
  `Fecha` timestamp NOT NULL DEFAULT CURRENT_TIMESTAMP ON UPDATE CURRENT_TIMESTAMP,
  `idUsuariosAudit` int(11) NOT NULL,
  PRIMARY KEY (`idIngredientes`),
  KEY `idUsuariosAudit` (`idUsuariosAudit`)
) ENGINE=InnoDB  DEFAULT CHARSET=latin1 AUTO_INCREMENT=11 ;

--
-- Volcado de datos para la tabla `ingredientes`
--

INSERT INTO `ingredientes` (`idIngredientes`, `Nombre_Ingredientes_es`, `Nombre_Ingredientes_en`, `Estado`, `Fecha`, `idUsuariosAudit`) VALUES
(6, 'Pan Mesa', 'Pan Mesa', 1, '2013-07-05 01:13:39', 2),
(7, 'Tomate', 'Tomate', 1, '2013-07-05 01:13:39', 2),
(8, 'Palta', 'Palta', 1, '2013-07-05 01:13:39', 2),
(9, 'Salchicha', 'Salchicha', 1, '2013-07-05 01:13:39', 2),
(10, 'Mayonesa', 'Mayonesa', 1, '2013-07-05 01:13:39', 2);

-- --------------------------------------------------------

--
-- Estructura de tabla para la tabla `local`
--

CREATE TABLE IF NOT EXISTS `local` (
  `idLocal` int(11) NOT NULL AUTO_INCREMENT,
  `Nombre_Local` varchar(80) DEFAULT NULL,
  `URLQR` varchar(80) DEFAULT NULL,
  `ImgQR` blob,
  `idTipo` int(11) NOT NULL,
  `idDireccion` int(11) NOT NULL,
  `idEmpresa` int(11) NOT NULL,
  `Estado` tinyint(1) NOT NULL,
  `Fecha` timestamp NOT NULL DEFAULT CURRENT_TIMESTAMP ON UPDATE CURRENT_TIMESTAMP,
  `idUsuariosAudit` int(11) NOT NULL,
  PRIMARY KEY (`idLocal`),
  KEY `idUsuariosAudit` (`idUsuariosAudit`),
  KEY `idDireccion` (`idDireccion`),
  KEY `idEmpresa` (`idEmpresa`),
  KEY `idTipo` (`idTipo`)
) ENGINE=InnoDB  DEFAULT CHARSET=latin1 AUTO_INCREMENT=30 ;

--
-- Volcado de datos para la tabla `local`
--

INSERT INTO `local` (`idLocal`, `Nombre_Local`, `URLQR`, `ImgQR`, `idTipo`, `idDireccion`, `idEmpresa`, `Estado`, `Fecha`, `idUsuariosAudit`) VALUES
(1, 'El Guaton Express', 'http://qr.cl', 0xffd8ffe000104a46494600010101004800480000ffe11baa4578696600004d4d002a000000080007011200030000000100010000011a00050000000100000062011b0005000000010000006a012800030000000100020000013100020000001c0000007201320002000000140000008e8769000400000001000000a2000000ce000afc8000002710000afc800000271041646f62652050686f746f73686f70204353352057696e646f777300323031303a31313a30352031393a33373a3234000003a00100030000000100010000a00200040000000100000178a003000400000001000001790000000000000006010300030000000100060000011a0005000000010000011c011b0005000000010000012401280003000000010002000002010004000000010000012c020200040000000100001a760000000000000048000000010000004800000001ffd8ffdb004300080606070605080707070909080a0c140d0c0b0b0c1912130f141d1a1f1e1d1a1c1c20242e2720222c231c1c2837292c30313434341f27393d38323c2e333432ffdb0043010909090c0b0c180d0d1832211c213232323232323232323232323232323232323232323232323232323232323232323232323232323232323232323232323232ffc00011080078007703012100021101031101ffc4001f0000010501010101010100000000000000000102030405060708090a0bffc400b5100002010303020403050504040000017d01020300041105122131410613516107227114328191a1082342b1c11552d1f02433627282090a161718191a25262728292a3435363738393a434445464748494a535455565758595a636465666768696a737475767778797a838485868788898a92939495969798999aa2a3a4a5a6a7a8a9aab2b3b4b5b6b7b8b9bac2c3c4c5c6c7c8c9cad2d3d4d5d6d7d8d9dae1e2e3e4e5e6e7e8e9eaf1f2f3f4f5f6f7f8f9faffc4001f0100030101010101010101010000000000000102030405060708090a0bffc400b51100020102040403040705040400010277000102031104052131061241510761711322328108144291a1b1c109233352f0156272d10a162434e125f11718191a262728292a35363738393a434445464748494a535455565758595a636465666768696a737475767778797a82838485868788898a92939495969798999aa2a3a4a5a6a7a8a9aab2b3b4b5b6b7b8b9bac2c3c4c5c6c7c8c9cad2d3d4d5d6d7d8d9dae2e3e4e5e6e7e8e9eaf2f3f4f5f6f7f8f9faffda000c03010002110311003f00f46f1ef8f6cbe1f69da7dcdd69af782ed8a011b2a952003939fad709ff000d1fa2ff00d0b575ff007f53fc2800ff00868fd17fe85abaff00bfa9fe157348f8fda46afad586991f87ae637bcb88edd5da44214bb05c9e3de80377c7bf1674df016bd169573a34b76f25bace248dd540059863047fb359fe14f8dda578afc4f63a1c3a0cf6f25db32895e452170a5ba01ed401dcf8cfc476be0df0bdceb93d91b98e0640638f009dcc17a9fad796ff00c347e8bff42d5d7fdfd4ff000a003fe1a3f45ffa16aebfefea7f85761f0fbe27e9ff0010350bcb3b5d225b46b6884a5a56560c09c638140167c0ff0010ec7c7173abc36fa5bda9d34a873232b6fc961c63a7ddfd6b86ff00868fd17fe85abaff00bfa9fe14007fc347e8bff42d5d7fdfd4ff000a3fe1a3f45ffa16aebfefea7f85007a3f83fc576be37f0a9d66dac5ad10cad108dc8272a47391f5a2811e6ffb487fc8bbe1effaef27fe802ba8f1e78e74ff00877a6e88f2787e1bff00b746c38658f66c09fec9ce777e940ce3ec3e3e6977da8dad98f06468679922ddf6953b7710338f2fde9bf15e08adfe35f821618923064b624228033f693e9401ea1f136de07f873e2195a18da45b0930e541238f5ae6fe02dbc0df0ced666863328b99b0e546e1f37ad0053f1c68727843c517bf12e7bcfb7d9c5b10e9057686dc822cef248e09ddf77fc6b99ff85467e277fc56706ad1e9716abfbd5b2fb3799e4e3e5c6e0cb9fbb9e83ad0070be1bf860fe21f1feb1e151ab2c0da6f9b9b936fb849b1c27dddc319ce7a9ab5f107c6e979a759f85ad34f367368929b692f23971f69f2c7979da002325738c9a00f69f85ff102dbc6d67a9416fa32e9e6c218833894399770619e1463eefbf5ae1ff67b1047a078a6ea6b68e7fb3f95205750738590e32471d28013fe1a1f4aff00a1263ffc0a5ffe375d41f1458f8ebe0c78a35987458ac0c30dc40132ae72b1ab6ec8518fbdfa5004bf027fe4940ffafc97f9ad14c4cc2fda43fe45df0f7fd7793ff401557f684b5b8bad27c222dede598aa4fbbcb42d8f962f4a433c6f41d2f505f11698cd6174145dc44930b71f38f6af68f8b9ff0025bbc11fefdb7fe949a00d4f8d1f10e7d1dee7c1d16942e7fb4b4fc89c4a432972cb80bb4e7eefaf7ac0f835f0e022e9de35bcd4e4b46b59e50d69343b4742992c48c7def4a00f451e03b21f12dbc7e75d8cc4c36fd9ca0f2ffd5795f7f77e3d3dab89f0a4a937ed37af34522bc46090a946c83f2c7d31401e91f10bc089e3dd0e0d34dfb58f957227f3562de5b0acb8c647f7bf4af9ebe20f8b6ebc43656de1183486ff008904c6dfed313173308c795b8a85f9738cf53d6803ea0d32e2d66d1a258268a464b750e118120edef8af0df80209f0978cc004931a0007fd7392803c4bfb2752ff00a07dd7fdf96ff0af73f00dbcd6dfb3a78be39e19227dd7476ba9538f263f5a00ea3e04ff00c9281ff5f92ff35a298999bfb41697a86a9a06829a7d85d5db24ce596de1690a8da3ae01c56643f187c7f0c31c43c033108a14136d3f61f4a431ff00f0b97e207fd08137fe034ffe15cc5fea9e2bf1bfc4bf0beaba8f85af6c56d2eade36296b2ed0a260c58961c753f9500769e3ad2b51b9fda07c2d7d0585d4b69125b89274859a34c48e4e580c0ea2b57c7facea1ab788a6f045f581b4f0dde469f68d68ab05878dff0078fc83e650bcfafad007236925a6a5a8afc19b4ba8ae343e5d35585c3c8c40f3f8c7cbf7b2bf4f7a97e1af832efc25f1b750b44b6be7d360b69238af2680aac99087ef631ebf95007a3786fc63afeafe3fd6343bed09ed34db3f37c8bd314804db5c28e4fca72093c7a5707f0cd4f87be26f8c2f35b074cb5b99a5104f7bfb9494f9c4fcacd80dc73c50045fb3f10fa978cca90c0b44411ce7996b8ef87de21f19fc3e82fe2b3f075edd0bc6466335a4c36ed07a607fb5401d9ffc2e5f881ff4204dff0080d3ff0085676bdf13fc77afe817fa4cde05b88a3bc81e0674b59f2a18632322803bbf82b6379a77c30fb3df5a4f6b30bb90f973c651b04ae0e08cd14c4cef6ff5cd2744b781f55d4ad2c5251b51ae6658c3103903279af08b2f8dbe3fd627ba4d1bc3765a825bb61dadad66936824e09dafc6707f2a4332ff00e1a37c57ff0040cd1ffefdc9ff00c5d6ae97f1a3e23eb703cfa57852d6f6246d8cf6f673c815b19c121faf22803d2fc0be3abad52cbecfe2f4b4d1b5c96e0a5bd8499864963206d608e4b1cb6e191e954fe32ebba3c7f0fb5cd21f53b35d49e28cada19944a7f788785ce7a0268038ff00841e0cf0ee91e1ed2be20ea1aa4b693af9cafe7ca8902e59a219c8cf4c77eb5dcf8bbe222c3a286f04cfa7ebdabf9aa3ec76eff686f2f9dcdb636ce071cf4e680395f02fc66bfd57c4f79a5f8c174ad1a2b78589326e8584a1946c3bdbae0b71d78a7b69ba9fc5dd5af74cf13d85c69fa2d84af369b7b6913462e54b1553b9f72b02983f2fd7a500657c18893c097fe204f1313a34572d12da36a3fb8f3c217ceddd8dd8dcb9c7a8aee7e2678b7c5be1796c0f86b421a94324723dcb9b6924116dc632508c704f5f4a0077c25f1d6a5e3dd12fef753b7b5864b7b91128b756008da0f39279e6ba9f166ab3685e12d5b56b648de7b3b59268d6404a92a3233820e28039ff00873e2dbef1af81ceb1a8436f14e6e1e2db0290b85231d493de8a62641f12f49f076ada5e989e30d524b082376303248137b6d191f74f6af3df852a9f0ddf5d6f161fec8875158c58b5d71e784df9c63d03a7e6290cf0bb14b79752b68ee9ca5b3ccab2b838da848c9fcb35ee4353bef03d85c7fc2ab8d359d002b5cdfdd5c2f9be4caa39190570022a9c60f5a00b3e1d86f7e22e8571f112784c9e29d2646874fb7b61b6173180e8190e493b9ce7e61dabcff5492e7c43f156d47c478c690b2a05baf28797b1021d879dd8c9c500779e36d6fc1161f062e7c2de1bd7a3bc31ba186367dd236660edce00e326bccbc33378afc051c3e32b2d300b49e3304773709ba360c7b60839f94d007b4695f07fc35e35d26d3c51aacba82ea1ab44b7b70209956312483736d05490327d4d745e00bbf16a6afa868dace962d744d3e3f234d9cc7869511b6a92771c9d801e828039bb7f0ceb7f132e2ec7c40d3a7d3e2d2d8b69cd6a045e6ee2776eceecfdc4f4ea6bcf24f8f5e34d4637b1fb3696df69061dab6ed93bb8c0f9faf3401ea5f023c39ac786fc39aa5beb3a7cd6534b761d125032cbb00cfe75d8f89b54f0dde193c21ab6a6905d6a90f94b02b62475932a36f0464907f2a007f873c27a77833c38da4e98d3b5b090cb99dc336588cf200f4a298989e26f05687e34b2b3835bb79268edcef8c24ac9824007a1e6b80f16789be11f8ba3b4b5d6355699ac77a40aa93a6d2700e70bcfdd148679c697e09d03c2fa4ea49f11ede4b0d4a68cb696a2566df8539ff5448fbc57ef565783e7f1e47e06d753c3b023e84cb2ff00683111640f2be7fbc777dcf4a00f45f809e31d074bf0f7f605e5f88b53bbd458c10796e77ee540390303907a9a5f8df078109d525b999c78b84117931e65c63231d06cfbb9a00e0f46f0ef853c45f0fe0b1d215ee7c7929256dc3ba82a2424fdec47feac67afeb587e21f1078a6c3465f02eb0c915ae9d20ff0046d88591b961f3af5fbdeb401e93a8fc5e8345f859e1db1f0bead1ff006d5bc70c575135b16daa2321865976fde0bd2bbed27e34f82db45b13a8ebe82f8dbc66e40b69789368ddd171d73d2803c5ee3e39f8d8ddca91ea76e6dcc8429fb247f733c76f4af4cf0d781be11eba971a8e87e7dc2e9ccb24afe74ebb0f2c386c67ee9e9401d0defc5ef0a5fd85c5a683adacbac4f1b47631fd9e41be76188c7ccb8e588ebc7ad78f789345f8acdabc5e33d6b4d55b9d262120b80d06d8d2325c12aadce093da803d97e16f89754f167c3ffed4d5e649ae8dcbc7b96308368231c0e3bd14c4c9be21c5e39974dd34781e558ee039fb49262e5768c7fac1eb9e95f327863c11e22f18dfdeff0064daa5c4967229b9dd32260b138ea467ee9e94867d57e32f03689e2eb169351d396eefadede44b46333a6d6238e8c07503ad783dbf82fe2bf847c29ab5b5ba456ba4490cb2dec625b77dc9b30fd72df7476a009fe0b4de0259ac9359859bc4e7501f617026c0185d9f74ecfbdbbad45f18345bef117c6a3a4e9b12cb79716f108d19c28242163c9e0700d00765f0bb48f09786b5bd3f45d4ed0c3e3d804be695691d4065661c83e5ff00ab23ff00d75bb77a17c2ef14fc40d434abbd39ae7c423325c82f7080e02f390c17a15e9401f3778cac2db4bf1aeb7616517956b6d7b2c51479276a86200c9e4fe35ea7a4ddfc0b5d1ac46a568e6fc5bc62e48175cc9b46ee871d73d38a00e43c0337c3d8eeb593e30859e2665fb0604dc0cbe7ee1f4d9d6bd13f66e863b9d1fc4d04abba391e1475ce320ab822803a3bdf0cfc27f07f8af47b29f4b36dab4f2c72596d92e1c6fdf8539dc47de1debacf1278a3c2c3568fc19ad4aed73aac4b18b711be2449094037af4c907b8a00d2d2bc3ba57863446d3b46b416b681cbf961d9fe62464e58934531335e2ff549fee8af2ef16f80b58d31ada5f86e2df476919db522b26df380c14ea0e7197f4eb486666a3e2fd67c777106abe06d4a7b5d2f49f9b5549f11b38ceef94739f955bb8a926d5b5af8a1ac59def84af644f0bc4e96bab5adc91199816cc836e0e418db1d450051f147c388bc31e39d3bc5fa458dad9f877488d2e2f2389cf984a33162aa7a9c6defdab98f1baeade20d427f8abe16b8fb369b6b1a4692c8764eac3f76d85c11fc5eb401d1fc25f1578635cd5b4dfed1b79ae7c6f2897ccd41e3fbc006c7cc0e3fd5803a551f8a9e31f0fe87abea03c3714f61e304b854b8be48f1b90afcc32491cfcbdbb5001f0d3e16de6b1aa3f89bc616d67a9586a969f688cbc84b991d95831000c1c6efceba8f0f68df0afc4faf6a5a369fe194fb569cccb3f9b1b2ae436d383bb9e450072d3f893e09473496ff00f08d4a255629ff001ee71b871fdfa9fc19709f02e2bcb6f1867ccd55964b7fb10f34623c86dd9c63ef8a00e2be2bfc40d3fc55e2ad2357f0f49731b58c20079630acb2072c08e4fb57197be2dd7b51d72db5abcd4e69b52b50a21b86c6e4da4918e3b124d007d3bf0875cd4fc41f0e3eddab5e4977746ea44f324c67682b81c514c4cf458bfd527fba2be5bf095b7c44f1f5feaf1693e31bb816c5c07175a84ea0872d8c6d0dfdd34866278a7c39e2cf857e558beba238f5346674d3ae640ae1783bc10b9fbdefdea6f04681e33bcf076b1ad787bc44da6e9f606492e204bb962672918724051827181c91d2803d47e1b7f6cf8e7e0b7882c6eb5296eafaea79ada29af6667db98d3009e481927a7ad70de22f85de3af08f81afe4b9f115b3689000f3595bddcdb5f2e07dc2814f241e7d28035fe087c3bd55754d23c6df69b23a7159d7cadefe77478fa6ddbd7dfa5751f1f742d22dfc1326ab0e99671ea32dec424ba58544ac30dd5b193d07e5401caf877e1dfc50bff0de9b79a6f8d16dac67b68e4b787fb42e13cb42a085c04c0c0e3038ae67c55e0ff19fc2f55d5e5f10aa4da8cad1c92585d4a2491bef12e4aae79e7a9e6803d6bc0777f0fbc796b7a2c7c236c971631466796eac6105d9837208249395279af9e175ad53c43ae698bacea375a884b84551772b4b8058640dc4f06803e83f1ec5e04d16f22f0b2784ecd356d66031595cc363088e19242634666fbc30c41c804e3a5721623c29f096dcf87bc73e1fb6d6754998de47736b6b1ceab0b6142ee976b6414638c639ebc9a00f5df036b5a0ebde0f37be1cd2ce9ba799990406148be60464ed42473453133ae8bfd527fba2bcdfe18fc38d47c0d73af4b797b6d38d47cb31f91bb29b4b9e7207f7c7e548645e16f865a8d9e8dabdb78aaf6d35cbbb84db673dd069cdbe5581c19012bc9078f4ae1ad7e02f8d2cace6b4b4f165bdbdb4d9f3618a69911f230772818391c73401c8de7847c55e10f1a69be0db5f12c9049a8ec915ad2e258e252ec57240c73f2fa7a57d15e0df0b5ee95e0e1a2f89aee3d6656959a479cb4caea4e403bfae314018ff0016ff00e29ff84da87f62ff00c4b7ca78bcbfb17ee766655ce36e319c9cfd6bcab47f859e34f1d7852cb529bc5be6d9ddaf9ab6f7973349b4824720e4678340191e1af0e78cf57f17ea3e10b0f165d5abe92aea5bed732c5b637098503a0e4638aedbe3e5acf63e00f0b5a5d4de7dc40e22965249decb1005b27939233cd0079dfc31f07f88fc587535f0febcda57d9c45e7626923f3376ec7dceb8c1ebeb5d2dc7ecf3e21b0b696f06b7a7036e865ca7981be519e3e5ebc50066f81bc6f6d756171a16b305c6a3aeea530b7d3b53b92256b367011183b12ebb5ceef97ea39af5dd23c291f833c0fa9dff008d22b5f11de5a192e7ed1347e7c9e484188c34a32390c71d3e6f7a00def036bfa47897c1e750d134b1a6d999993c811a27cc08c9c271cd14c4ce0bf687bcbab2f0fe80d6b73340cd3b863148573f20eb8aa10fc0af124d04728f1d4c37a86c6c938c8cff007e90c7ff00c286f127fd0f737fdf127ff175ca6a5e1bd6bc09f13fc2ba65cf88ae6fd6eaeada5243ba8c1982ed20b1cf4a0097f68696487e24594913b4722e9d195653820f992743527813e38a784bc311e957ba5dd6a332caee6e1aeb04863903904f1401bf71e03d47e30c4de2eb6d71f4cb1d4beee9d22b4a23f2ff0077d430072533d3bd791789adb55f07788af7c3e9ac5d48b64e103452346a720370b9e3ad0077bfb3b4af2fc42d46495d9e46d39cb331c927cc8f926aafc63f036a3e1b97fb5eef5c7bd8350be95a2b7218087396eec4700e381401d1fecd4a58f89d47194b719ffbf95de7847c0da8f827c35e218f50d6df543750164660c3cbda8f91c93d73fa50078f7c1ef1ce9de1eba8744bad0d2f6e350d422115c92b98771551d549e0f3c115f49f89b538746f0c6a5a95c5a8ba86d6dde5780e3120032579047340187e05f13d9f8bbc1c754b1d3174d84ced1f90a41e411cf000e73453133cf3f690ff009177c3dff5de4ffd00552fda22478f49f086c765ca4f9da71fc315219e31a05c4c7c47a58334841bb8b20b1fef8af6ef8b9ff25bbc11fefdb7fe949a0077c4201bf68df090201063b7c83ff5d64adcf1dfc5f8bc15e2b93435f0cc77c5224904a2e0213b8671b761fe7401ce7fc2beff0085adff001599d73fb0ff00b438fecff2bccf2bcbfddfdedcb9ceccfdd1d7f1af1cf16680de1ef166a1a34774d7c6d5c2f9e131bfe50738c9f5f5a00fa0be0d78fdb5c4b5f0c36866d4e9da72ff00a5997265d8513eeed18ce73d4f4acdd721ff00852dac5ef89a56fedc5d72e24416ac3c916f96326437cdbbd3a0a00f3bf87bf0ee6f88979ac4dfda92695e432498f20c9bf7973fde5e9b7f5a4f1cfc389bc1faae916516bb26a2ba8315691212a22c328e46e39fbdedd2803b31fb39400823c671823a11663ff8e56bf877e06ae8be23d3b533e2f1742d6e125301b6c799839db9f30f5fa1a00f679d123b5708a1471c018ef453133c47f690ff009177c3dff5de4ffd005749e39f09683f10b4ed152e3c4d6d63f618db1b1e37ddbc275cb0c636feb48672561f043c3563a8db5daf8de27304a928522319da41c7dff6a8fe29de5b5efc6af04bdadc433a892d81689c3007ed27d2802f7c41b79c7ed03e16bd30c9f64863b7324fb0ec402593396e82b53c69a569fa7f8a5fe23e9daac5a86a3631a08b4a8995bcee3cb3ca927a313c0ed401c3f8d3c1f73e2ef09dd7c4a952e6db52ba6453a52405b6ed71175fbdd17774aaff000134cbfb4f88e64b9b1b9863fb14a37491328ce57b91401eafe1ff008a4355f887ad786af6d6d6cadf4e3285ba7b8c7985240a060e00c824f5ed5e4df15fc61ad78d65fec95f0ecd1dbe9f79298ae615771328ca83f7718239e0d007ae78e3c6fa9f83349d0a3b0d0df52fb642565c6e062daa9e80f5dc7afa51e14f87107c3df0d78862835192f45e4058978826dda8fe84e7ef5007cb7a06893eb7ab595b6c992d26b98e19ae5632cb0ab300589e8300e7935e8d6fe064f09fc61f0cdb697772ead65e7c1349771c7944632105495240c0507af7a00fa7aebfe3d9ff000fe745313390f1cf80f4df1fe9f616d7f7f3db2da31753015c92401ce41f4ae23fe19cbc35ff0041ed47f38fff0089a430ff008672f0d7fd07b51fce3ffe26ae695f00fc3da46b163a945addfbc969711dc22b98f0c5183007e5e9c5007a66bfa65b7883c3f7da44f70628af21685de3237283dc66bcfbc2ff0004f42f0af892cb5bb5d62f669ad59996394a6d3952bce067bd007a979b1ffcf44fce8f363ff9e89f9d00792eb7f01fc3fae6b97daacfad5fc72de4ef3ba218f6a9639c0c8e9cd7a7e976b0697a4d969f1cc1e3b58120566232c1542827df8a00b7e6c7ff003d13f3a86ed21bbb29ed9a50ab346d19208c804628038cf0cfc36d2bc2fe14d63c3f6da95c4b06a8aeb249214dc9b9361c6063a7ad69f817c1fa7f80f43974ab2bd96e2292e1ae0bce5770255571c01c7ca2803a1b9910c0c03a93c743ef450267ffd9ffed341850686f746f73686f7020332e30003842494d0425000000000010000000000000000000000000000000003842494d043a000000000093000000100000000100000000000b7072696e744f75747075740000000500000000436c7253656e756d00000000436c7253000000005247424300000000496e7465656e756d00000000496e746500000000436c726d000000004d70426c626f6f6c010000000f7072696e745369787465656e426974626f6f6c000000000b7072696e7465724e616d6554455854000000010000003842494d043b0000000001b200000010000000010000000000127072696e744f75747075744f7074696f6e7300000012000000004370746e626f6f6c0000000000436c6272626f6f6c00000000005267734d626f6f6c000000000043726e43626f6f6c0000000000436e7443626f6f6c00000000004c626c73626f6f6c00000000004e677476626f6f6c0000000000456d6c44626f6f6c0000000000496e7472626f6f6c000000000042636b674f626a630000000100000000000052474243000000030000000052642020646f7562406fe000000000000000000047726e20646f7562406fe0000000000000000000426c2020646f7562406fe000000000000000000042726454556e744623526c74000000000000000000000000426c6420556e744623526c7400000000000000000000000052736c74556e74462350786c40520000000000000000000a766563746f7244617461626f6f6c010000000050675073656e756d00000000506750730000000050675043000000004c656674556e744623526c74000000000000000000000000546f7020556e744623526c7400000000000000000000000053636c20556e74462350726340590000000000003842494d03ed000000000010004800000001000200480000000100023842494d042600000000000e000000000000000000003f8000003842494d040d000000000004000000783842494d04190000000000040000001e3842494d03f3000000000009000000000000000001003842494d271000000000000a000100000000000000023842494d03f5000000000048002f66660001006c66660006000000000001002f6666000100a1999a0006000000000001003200000001005a00000006000000000001003500000001002d000000060000000000013842494d03f80000000000700000ffffffffffffffffffffffffffffffffffffffffffff03e800000000ffffffffffffffffffffffffffffffffffffffffffff03e800000000ffffffffffffffffffffffffffffffffffffffffffff03e800000000ffffffffffffffffffffffffffffffffffffffffffff03e800003842494d040000000000000200013842494d0402000000000004000000003842494d043000000000000201013842494d042d0000000000060001000000023842494d0408000000000010000000010000024000000240000000003842494d041e000000000004000000003842494d041a00000000034900000006000000000000000000000179000001780000000a0055006e007400690074006c00650064002d00310000000100000000000000000000000000000000000000010000000000000000000001780000017900000000000000000000000000000000010000000000000000000000000000000000000010000000010000000000006e756c6c0000000200000006626f756e64734f626a6300000001000000000000526374310000000400000000546f70206c6f6e6700000000000000004c6566746c6f6e67000000000000000042746f6d6c6f6e670000017900000000526768746c6f6e670000017800000006736c69636573566c4c73000000014f626a6300000001000000000005736c6963650000001200000007736c69636549446c6f6e67000000000000000767726f757049446c6f6e6700000000000000066f726967696e656e756d0000000c45536c6963654f726967696e0000000d6175746f47656e6572617465640000000054797065656e756d0000000a45536c6963655479706500000000496d672000000006626f756e64734f626a6300000001000000000000526374310000000400000000546f70206c6f6e6700000000000000004c6566746c6f6e67000000000000000042746f6d6c6f6e670000017900000000526768746c6f6e67000001780000000375726c54455854000000010000000000006e756c6c54455854000000010000000000004d7367655445585400000001000000000006616c74546167544558540000000100000000000e63656c6c54657874497348544d4c626f6f6c010000000863656c6c546578745445585400000001000000000009686f727a416c69676e656e756d0000000f45536c696365486f727a416c69676e0000000764656661756c740000000976657274416c69676e656e756d0000000f45536c69636556657274416c69676e0000000764656661756c740000000b6267436f6c6f7254797065656e756d0000001145536c6963654247436f6c6f7254797065000000004e6f6e6500000009746f704f75747365746c6f6e67000000000000000a6c6566744f75747365746c6f6e67000000000000000c626f74746f6d4f75747365746c6f6e67000000000000000b72696768744f75747365746c6f6e6700000000003842494d042800000000000c000000023ff00000000000003842494d0414000000000004000000023842494d040c000000002bd100000001000000a0000000a0000001e000012c0000002bb500180001ffd8ffed000c41646f62655f434d0001ffee000e41646f626500648000000001ffdb0084000c08080809080c09090c110b0a0b11150f0c0c0f1518131315131318110c0c0c0c0c0c110c0c0c0c0c0c0c0c0c0c0c0c0c0c0c0c0c0c0c0c0c0c0c0c0c0c0c0c010d0b0b0d0e0d100e0e10140e0e0e14140e0e0e0e14110c0c0c0c0c11110c0c0c0c0c0c110c0c0c0c0c0c0c0c0c0c0c0c0c0c0c0c0c0c0c0c0c0c0c0c0c0c0c0cffc000110800a000a003012200021101031101ffdd0004000affc4013f0000010501010101010100000000000000030001020405060708090a0b0100010501010101010100000000000000010002030405060708090a0b1000010401030204020507060805030c33010002110304211231054151611322718132061491a1b14223241552c16233347282d14307259253f0e1f163733516a2b283264493546445c2a3743617d255e265f2b384c3d375e3f3462794a485b495c4d4e4f4a5b5c5d5e5f55666768696a6b6c6d6e6f637475767778797a7b7c7d7e7f711000202010204040304050607070605350100021103213112044151617122130532819114a1b14223c152d1f0332462e1728292435315637334f1250616a2b283072635c2d2449354a317644555367465e2f2b384c3d375e3f34694a485b495c4d4e4f4a5b5c5d5e5f55666768696a6b6c6d6e6f62737475767778797a7b7c7ffda000c03010002110311003f00f45ea1d43a6749e98eea5d49cda71696b3d5b7617c6f2da99eca9b658edd658dfcd585ff008e67f8bfff00cb06ff00ec3dff00fbce97f8ccff00f27fd43fab8fff009ff1d709fe2f3fc5e745fad1d16ecfcfbb26ab6ac9750d6d0eadaddadae9b4122da6e76fdd73bf39253ddffe399fe2ff00ff002c1bff00b0f7ff00ef3a5ff8e67f8bff00fcb06ffec3dfff00bceb33ff00194faabff72b3ffedca7ff007952ff00c653eaaffdcacfff00b729ff00de5494e9ff00e399fe2fff00f2c1bffb0f7ffef3adaa3ac744c8e8c7ae53635dd35b5bee37fa6e1ecab77aaff49cc17fb7d37ff835e4dfe317ea0f47faadd3b172ba7dd936d97dc6a78bdcc734376b9fedf4a9a7dded5defd46c1aba8ff8b7c4e9f797369cbc7be8b1cc203836cb2fade585c1edddb5dfba92997fe399fe2fff00f2c1bffb0f7ffef3ab5d2febc7d4eeaf9f574ee9d96dbf2efdde9d7e85ac9d8d75aff7db4b2bfe6d8ffcf5e5bfe323ea574afaa9fb3bf675b916fdb3d6f53ed0e63a3d2f4366cf4aaa7fd33f72ee3ea2ff008bce8b835f48facb55d92ecd7e332f35b9d59ab76451b6d1b1b4b6dd8df5dfe9fe99253dd7a357ee37ee0b9677f8cafa82c716bb3da1cd3047d9efe47fe83ac9ff00187fe30bacfd57eb1460f4fa716daadc66dee37b5ee70717db5e9e95d4b766dabf7573bf5ebfc5ef45e87f57bf6ce2dd94fcab6dac3996bab2cfd2cb9fed6535bfff0004494f6fff008e67f8bfff00cb06ff00ec3dff00fbce97fe399fe2ff00ff002c1bff00b0f7ff00ef3af0249253f41627f8c2fa8d9b954e1e36736cc8c9b1b552cfb3dc373de4575b773e86b1bb9eefce5a1d77eb1fd5cfabde87ed8b9b8df69dfe8fe89f66ef4f67a9fcc576eddbead7f4d79bfd57fa95d29bf5429faea2dc8fda7835df9d553b99e81b30ecb9f8ecb2bf4bd6f49ff66afd6db91bff00e12b56fa17febd6f5ffe717eabfb1b67d9bec1fa3ddf6adfeb7aff006afb6eedbf62abd2f4fd3ff08929f42bfac744c7e8c3ae5d635bd35d5b2e17fa6e3ecb76fa4ff49ac37fbbd467f8358bff008e67f8bfff00cb06ff00ec3dff00fbcea3f5e706ae9dfe2df2fa7d05cea7131e8a2b73c82e2daeca2b61796863776d6feeae0bfc5d7d41e8ff005a7a76565750bb26ab28b854c14398d696ed6bfddead377bbdc929efff00f1ccff0017ff00f960dffd87bfff0079d2ff00c733fc5fff00e5837ff61eff00fde7599ff8ca7d55ff00b959ff00f6e53ffbca97fe329f557fee567ffdb94ffef2a4a74fff001ccff17fff00960dff00d87bff00f79d6ef4fea1d33ab74c6f52e9ae6dd8b735fe95bb0b2761754ff65adaec6edb2b77e6af27ff00187fe2f3a2fd57e8b4e7e05d936db6e4b68736f756e6ed75775a4815534bb7eea5bf9cbbbff167ff00e4ff00a7ff005723ff003fe424a7ffd0ea3fc667ff0093fea1fd5c7ffcff008eb33fc4a7fe2572bff0fd9ff9e71569ff008ccfff0027fd43fab8ff00f9ff001d667f894ffc4ae57fe1fb3ff3ce2a4a7c54f255be91ff002ae17fe18abfeadaa67a1f5a24ff0093f2bfed9b3ff20acf4be8bd619d4f0defc0c96b5b7d44934d8001bdbfc8494fa67f8eeff913a7ff00e1a3ff009edeba0ff16bff00887e97fd4b3ff3edab9fff001ddff2274fff00c347ff003dbd687d57cbc8c2ff00150dccc677a7918d83956d2f8061ec7643d8edafdcd77b9bf9c929c1ff001e9ff789ff00a15ffba8b67ea37f8c1e899b5748fab54d592339b8cca0bdcc60ab763d1bad3bfd5366cfd03f67e89798757ebbf5a7eb78a8e5b5f9c30776d34523d9eb6dddbfececfcff0043dbbff717ab7d53fa9bf563a474fe97f586ca4e267d78b55975d75af6b5b65d48aaff0051973fd266e75cf6ec494defad1fe303a2fd57ceaf07a8559365b6d42f69a18c7376973ebda4d96d5efdd5b9715d23a066fd41ea07eb675a757760580d42bc425f76ec8f757ecbd98d5ed66dfd27e99771d57eaafd52fad99033f2b6e6d94b0638b28bddb5a01376c3e83f66ff00d36e585fe3573fa65df53ce3e2655373abbea6fa75d8d7b806ef6f0d739ded494f53d0fafe1fd67e8d66774f6595d4f3652d1780d76e688d7d375decf72f3ce85d232ffc58e53badfd602cbf1332b386c6e1136582c716e4b5cf66437159e96cc6b3e8d9f4d749fe27ff00f11cdffc336ffdf1749d7beaef4afac38b5e2755a8dd4d560b58d6bdccf706bab99acb7f36c724a7cabeb37d57ea1f5ace77d7ae9b6535f4aba976436abcb9b901b895fd9af6baaaabba9deeb312df4bf585ce7d55fa97d57eb57dabf6759457f63f4fd4f5dce6cfabea6cd9e9d777fa17ee5bff005b3aef58fabfd4f3bea574476ce8e1831e9c4d82d79197532ebeb6daf6bf21eeb6ecab767bd6bff89eff00247ed7fdadfe4ff5fecde8fdabf43bf67da7d4f4fd7d9ea7a7bd9bf6fefa4a7a0fad983774eff1596605e5a6ec4c3c6a6c2c24b4bab763d6fd8486fb773566ff00891ff913a87fe1a1ff009ed8b7bfc635b5ddf50fa95b53db6576575398f690e6b9a6da4b5cd737dae6b960ff00891ff913a87fe1a1ff009ed8929f27eaff00f2ae6ffe18b7feadcaa0e42d7ea9d17ac3fa9e63d98192e6bafb48229b08237bbf90ab0e87d6811fe4fcaffb66cffc824a7d73fc75ff00e25717ff000fd7ff009e72969ff8b3ff00f27fd3ff00ab91ff009ff21667f8ebff00c4ae2ffe1fafff003ce52d3ff167ff00e4ff00a7ff005723ff003fe424a7ffd1ea3fc667ff0093fea1fd5c7ffcff008ebcfbea1ff8c5c2faadd1eee9f91876e4bedc975e1f5b9a000e65356df77fc4af62cce9b85d53a69c1cfa85f8b7359ea54e2403b4b6d67d02d77f38c6ae5fa87d5cff0015dd2ef6e3f51a70b12e73458daeeb5cc71692e687c3acfa3b98f494e47fe3dfd2bff2b323fcf625ff008f7f4aff00cacc8ff3d8af7ecfff0013bfbdd3bfedff00fd4a97ecff00f13bfbdd3bfedfff00d4a929e2bebf7f8c1c2fad5d3f1b171f12dc67e3dc6d2eb1cd208da591edfeb2ed7a1fff0091db3ff4dd9bff00bb297ecfff0013bfbdd3bfedff00fd4ab670faa7d43380cfabd879b86ec4bc1c6661b2e0770b896baa6fbfd4dd6badfde494f1dfe22ffef6ff00f417ff0076d5eebbf5aa8fadd979bf5071e87e2e55d7be8199610eac1c3b3ed2f7ec67e93f4adc3735bfd75daf47fab9d13a1fadfb2b1198bf68dbeb6c2e3bb66ef4fe9b9df47d47ae67ebcf45e97d0ba2f50facdd271db89d6ab7b6d666b092f0fbeeae9c97ed79757fa5af22e67d0fcf494e261759abfc5654ee85d42a7751b72ddf6d6dd410c686b80c6f48b6df76fdd8ae7ff6d737f5affc5d66742e94eeb76e655757658d0da58d703fa5dcefa4efdd5957d5f5c7eb6c751b28c9eaa31c7a02faeaddb76fe9bd2fd0b3e97e9b7ff6d7bde5f46e9fd5ba65583d531c5f400c71a9f221cd1a7d02d77b5253cb7f8a4b055f524d844865f73a07906956fea7ff008c4c3fad5d42dc0a30ecc67d349bdcf7b9ae1a39956cf6ff00c6ad0af2fea67d59a9dd1c64e2f4e619b1d8afb369fd272efd2bb77bd57fab18bf5068ceb0fd5a7629ccf448b3ecf69b1fe96e66edc0bdfedf53d2f724a7cefeb2ff00f965a7ff000ff4effa9c35adfe3d3fef13ff0042bff751741f5a71fea68cacfc861c7ff9d8daf7e20f50fda3ed4da9bfb37d2a37fbaedcdc6f46bf4ff48bca7eb5647d72bc62ff00ce819036fa9f64fb4d62be7d3f5f67b19bbfc0a4a7d3bae7ff0091daff00f4dd85ff00bacb8afa83fe3070beaaf4fc9c5c8c4b725f9170b43ab73400368647bbfaabd4fa0f4fc3ea7f523a5e0e7542fc5bb03145953a40315d4f6fd1daefa4d597d47ead7f8afe976b69ea3461e25b6377b1975ae612d9dbb86eb3f792538fff008f7f4aff00cacc8ff3d897fe3dfd2bff002b323fcf62d5c2e83fe2a7a864b71706bc1c9c87825b55569738868dce86b6cfcd6ad3ff00c6efea57fe5555f7bfff0026929f34faf9fe3170beb4f47a7a7e3e1db8cfab25b797d8e6904359755b7dbff1cbd07fc59fff0093fe9ffd5c8ffcff00909751fa9ffe2e7a5d2dbfa8e1e2e252f70adb65af731a5c439e19b9d67d2dac7adae8d5f46aba256ce866b3d3436cf40d2edecd5cf36ec792eff0fea24a7fffd2ef3eb2f5d3f57beae5fd6053f6938cdabf425db377a965747f39b6cdbb7d5ddf41786fd75fad67eb5f54aba89c5fb19ab1db8fe9fa9ea4ed7db6efdde9d3fe9be8af78eb393d1b13a25991d7456ee98c6d7f6816d66e66ae636add43596eff00d33abff06bcabeb47d5a1f5b3a857d47ea260d3774aaa918f73a86d788dfb435d65b634d193f637bdfe85f8dfa5f4bfb7ec494d5fae9fe2d59f55fa433a937a81cb2fb994fa669f4fe936c7eedfeb5bfe8ff007570ebd4bfc667d74fab3d77eaed785d2b33ed190dc9aec2cf4ad67b5acb5ae76ebeaad9f49ed5e6980fa599d8cfc88f41b6b0dbb86e1b03817ee643b7b76fe6a4a777ea3fd4f6fd6ccdc9c47659c3fb3d42d0f15fa932e0cdb1ea55fbcbb2ff00c6a99f56bfec88753395fb1ff5ff00b37a02bf53ecdfacfa3eb7ad6fa5eafa5b3d4f4acd9fe8d4bae5fd3faed15d1fe2c836aea353f7e69c067ecf79a2368f52fb1b83eab3d62cfd17a8f5cb6066fd6ca3eb760f42ebb9d9760765e3d39b85764baea9f5daeaf7d37305b6e3dd55b4d9fa4afdecfcc7a4a7d3fea27d7977d6efb76ec2185f62f4a22cf5377abeb7fc1d3b767a0b8afafdfe321d9f8fd5feab9e9e2b0cc838e32bd69fe8f7b5dbfd1f447f39f67ff4aba1faf5f55baeb3ec3ff31b17ec13eafdbfec165785bff9afb2fafb2cc5f5f67eb3e97f39e97e93fd22f37fab96e174ff00ae8c77d6c0d7d545d90cea3f686fda41b765d5bbd66b4647da1ff6bff09fa4f7fe95253e8dfe24ff00f13599ff00875dff009eb1d665bfe3bedaed7d67a3349638b67ed27b18ff00b8cba2c2ff00181fe2d3a754ea7a7e4d387539dbdd5d189756d2e80ddee6d58cd6eedad5e35d3fa3f51ebfd52dc4e9357da6f717dad66e6d72c07e96ebdd537f39253e82ff00ab4dff0019353feb5bf20f4b869a3ec8d67aff00cc0fe73d72fc5fe737fd0f49719f52beb69faa9d4aecf18bf6c375068f4cd9e9c4bebb77eef4eeddfcd2567fcecfab19b5746c9c9c9e9fb8b5eec4ab20fa65b618dc5b8b6ba9fd26d5ee9ff34feaaffe53607fec2d3ffa4d253c5f48faa9ff003c3a9e1ff8c0395f6275f915647ecf15faa07d8dedc6f4fed5ea53bbd6fb1efdff0067fd1fa9f9eba0faf3f5187d6efb0ce69c2fb17abc55eaeef57d2ff85a766cf4160e6fd5dfae947d77a6ce8ccbb17eac55938ae18f8f90ca71db50f45d9db7019757ec7d9f687db5fd9ff4deff00a7ea2d3ff191d33eb967feceff009aefbd9e9fadf6bfb3e40c79dde87a1bf75d8feafd1bb6fee24a687d5afaf6fa3aee27d47fb1070c073ba79cef5637fd918fafd7fb37a67d3f5becff00cd7aefd9fe9169fd75ff00178dfad99d8f96ecf387f67a8d5b055ea6e9717eeddead5b7e92a5f587a457d2bea03fa93b16bc5fac546363bafea15b583286417535e55a73e9fd33eeb5ceb7d6bbd6fd36f7af28ff009d9f5abff2e73fff0062aeff00d28929e8bfc59638c6ff00182cc60ede29193587444ec6bd9bb6fbb6f0bdcd791ff8b9fa9bf5a7a7fd66c6eb1d4710b311f5d8e7641baa7926d61d8e2d65b65bfa473bf717adf0929e03fc75ff00e25717ff000fd7ff009e72969ff8b3ff00f27fd3ff00ab91ff009ff215ac2fac5f52feb7da7a6d2fa7aa3a96fda0d17e3bcb5a1a453eb0fb652dab7b7d7d9fbffa45b756262e1611c6c3a6bc6c7adaed94d4d0c63665eedb5d61ac6ee7bb724a7fffd3f42eb3d1317af744b3a4e63ecaf1f25b5ef7544078d8e65eddaeb1b6b3e9d5fb885f55feabf4ff00aafd3ecc0c0b2eb6ab6e37b9d796b9db9cdaea201aaba5bb36d2dfcd45eb3d6b13a0f44b3ab6636c7e3e336bdeda802ff7b994376b5eeadbf4edfdf5e23fe313eb3f4ffacdd6e8cfe9edb594d78aca1c2e686bb736cbad3a31f6fb76dcc494edff008c1ff177d13eacf446751c1bf2acb9f90ca76defadcd8736d7bb4aa9a5dbbf45fbc9feaaff008b9e89d67ea89eb793765332836f21953ab1593517867b5f458ffccf77e9156ff133ff008acb7ff09dbff5742ddff181fe2f3aef59eb797d6b16dc6662369698b1ef0f8aabf7fb5b53dbf9bedf7a4a781faadf5b7a8fd56cabb2ba7d54db664562a78bdaf70001dfedf4aca7c15ae9bd6327ae7f8c0e9dd572995d77e4e7e297b2a0e0c1b5f4d5ed6d8eb5ff00459fbeac7f8b9fad7d33eac751cbcaea2cb9ecbe915b052d6b8cee6bfddea3eaf054fafe4d5f5afeba59674c9adbd52fa6ac7378d90e736ac7fd2fa5eb6d6fa9fbbbd253f44af2cff189fe2f3a2e0f4aeabf596abb25d9afb85e6b73ab356ec8bd8db46c6d2db7637d77fa7fa65b9fe2d7ea5f56faabfb47f693e87fdb3d0f4bd0739dfcd7afbf7fa95d5fe998bc87eb67fe2a7acffe1fcaff00cfd624a7acff00179fe2f7a37d68e8f7e7750bb2aab6ac9750d14398d696865566bead373b7eeb7f7972dd07eb065fd57eb2fcfe9ecaadb581f4b45e1ce6ed27e97e89f4fbbdaaefd58fa81d6feb3e05b9dd3adc76554da69736e7bdae2e0d6d9ed0caad6eddb637f397af7d76fab5d43af7d59674ac2754dc86bea7175ae2d643010e87318f77fd0494f8b759fac59df597aed3d4b36baabbc9aeadb40706c35dedf6d8fb9dbbddfbcbd9ff00c61fd69ea3f55fa3d19fd3eba6db2dc96d0e17b5ce686965b6e9e9594fbff45fbcbce5ff00e26beb556c758ebf0a18d2e3fa4b3b09ff00b8eb8492929fa3fea675bcaebdf56b0fab6632baf2327d5deda810c1b2db686ed6d8eb5ff42afdf58bfe323ebaf55faa9fb3bf67558f6fdb3d6f53ed0d7ba3d2f4366cf4ada7fd33f72f38e85fe2c7eb0f5de934755c2bb15b8f93bf636d7bdaf1b1efa1db9ada5edfa757efaa1f5abea5f56faaa317f6959459f6cf53d21439ce8f4bd3dfbfd4aeaff4ccda929eaba67d7aeb1f5e33aafaabd569c7a707a912dbecc46bdb7015b4e537d27df6e4d4df7d0ddfbe97fe8d743ff8ca7d55ff00b959ff00f6e53ffbcabcf72bfc5e75cc4fab8dfac965b8df627515640635ef36edbb67a6dd9e97a7bff4adddfa55ddff00891ff913a87fe1a1ff009ed8929f42c6a198d8f563b092ca58dada5d124346c1ba36f82f3fff00183fe313adfd59eb6ce9d83462d94bf1d976ebd9639d2e75ac76b55d4b76fe8bf7573d9dfe27beb564e6e46432ec30dbad7bda0d964c39c5c27f575dff00f8bdfab7d43ead743b3a7f50754fb9d90fb9a69739cddae6d4c1f4d957bb756e494f8a7d57fad1d43eabf50b33f02ba6db6da4d0e6de1ce6ed73abb4902ab2976fdd4b7f397ba7d51eb795d7beaae3756cc6575e464b6ededa810c1b2cb686ed6d8eb5ff0042afdf553fc627d58ea1f59ba25181d3dd532eaf2997b8dce2d6ed6d775475632df76eb98adfd50e8b97d0beaa6374acd731d918edbb79a89733df6db7b76b9cd63be859fba929ffd4f46ea5d270bacf49774dcf61b316f6b3d4635c5a4ec732e67bd9eefa75b578d7f8c5fa9d5749eb7462f41c1bce2bb15963f60b2efd21b2f63bde7d4ff06cabd8bdc69fe699fd51f914d253cbfd5bfab1f52fa4f51393d0df59cc35398e6b320da7612cde7d3f51ff009ed67b96de666f4afd260e5e5535bad6fa6fa5d6b58f22c1b00dbb9aff00d24fb1799e17d5fbbfc585c7eb1f50b5bd429b41c314e382d707587d66d936fb766dc64b27eaf5df5d32bfe7d62dacc5c46ed79c4b41361fb27b6cf7b3f47fa4f4bd8929e8f23fc59ff8bdc46b5d9757a0d79dad75b92f6026374377d8df72f33fac3d2ede89f5a6eccfabd8d67d8302caf231321ad75d50d8daee2ff5cfa8cb2b65dbbe93d75d9fd4abff001aac6f4ae9cc3d3acc03f6a7d9910f6b9a7f43b1be97bb77bd761d3feac6561fd467fd5975cc7643b17231fd700866ebbd5daefdfdadf592538bfe2b3eb675bfac7fb53f6b5cdbbecbf67f476b1ac8f53ed1ea7f36d6eefe698b83c6c0e97d47fc68666175720605b9f9deb6e7fa63da726caff4a1ccdbfa5633f3974b81ff00ae9bd4fda5fe52fdb51e97d9fd9b3ecb3bfd4f5bfd27db59b7fa8b13eb4fd47cb7f4bccfaeff0069ac62e7b9b9ecc5da7d46b736c63eba9cff00a1beafb57bd253abf5833fa97d52c9674efa872ee996d5ebe43e960cb0321c5d53f75ef6e46c77a14d1fa1fedff845d9fd78eadd73a6fd58af37a3877dbdd6520edabd430e1fa4fd139aff00fa95e71f50ff00c62617d55e917e064625b9365b90ebdae639ad6c165756df77fc52f54facbf5a28fabdd15bd5eea1f7d6e756cf4d84070f504ccbbf7525393f547eb26566fd5ab5ff0058b26ba7a9175c3d3bb663bf647e8bf427d2f6ff002f62f0bc6c4cbcb7b998b4d97bda3739b534bc86c86ee706077b77396efd72fac147d6afac2dcec6a9f8ecb2bae9db610482091bbd9f9bee5e9bf50ffc5de77d55ead7e75f97564d77639a1ad635cd7497d766e3bbf93524a781e91f59ff00c61746e9d4f4de9f45d5e2d1bbd361c4dc46f73ae7fbdf539df4ec72a7f587a8fd75fac7f67fdad8b7ddf65dfe8edc62c8f5367a9fcdd6dddfcd317ab750ff0018b8583f5b1bf561f876bef7df4502f0e6ec9c81539afdbf4bd9ebab5f5cbebbe27d52fb1fda71acc9fb6fabb7d3206df4bd29ddbff7bd7494f9266fd63faf0efabe7a3e5d56b3a5554d74b83b1b606d7596369dd7fa6d77d2656ddfb9773fe247fe44ea1ff8687fe7b62af95f5f70febcd0ff00aa9878b661e47531b2bc8b4b5cc6fa67ed277b6bf7fb9b46c43c0ea55ff8aaaddd2ba8b0f51b33cfda99663c31ad681e86c77abf9dec494f5ffe307acf50e89f562fea1d36c1564d7654d6bcb5af10e7b5af1b6c0e6fb9ab3ffc5efd6fb7aaf41b32bae675032c6458c66f35d47606d4e6fe8c6cfce7bfdcb8dfae7fe33fa77d63e81774aa30aea2cb5f5b858f734b46c707ba76fbbb2f3b494fac7f8b9ff181d6bab75abb1baf6754316bc5758c2f6d548f5059431bfa46b6bfccb2cf62f4b17d1918aebb1ec65d539aedb656e0e69896ba1ed96fd20be5c5efbfe2cfff00c9ff004ffeae47fe7fc8494fffd5f52a7f9a67f547e45e5bfe353eb5fd61e8bf5871f17a5e6bf1687e1b2c731a1a4179b72185fef6bbf36b62f52a7f9a67f547e45e2ffe3aff00f1558bff00842bff00cfd94929a3d569ff001a1d631461f53c5cfc9c70f160add8f1ee68735ae9654d77e7b9668ebff5c7eaee39e86ebeec0a9ad71389631a086dc25ffce33d4f7ee5ed7f5d3eb4bbeab748afa9371865efb9949acd9e9c0736c7efdfe9ddfe8bf7570b95f559bf5ff12efae6eca3d377d6e070833d78fb334d7fd23d4c6fe77d3ff41ec494f13f55f23eb551937bbeac8bce43ab02ff00b3d62c76cdc2370d966df7ae87a3fd6ffaf2cfad5d3ba5755cdbeb2fccc7ab271ad635aedb63ebdcc7b7d36bbf4953d63fd49fae07ea9e6e4658c4fb61c8a855b3d4f4b6c383f76ef4eeddf450b3beb4fdafeb8b7eb47d9766dc9a727ecbea4ff33e9fe8fd7f4ff3fd1fa7e8a4a7d0ff00c71f46eadd50f481d370eeccf4bed3eafa2c73f6eefb2ecdfb01dbbf63b6ae23aa5dfe312ae82ec1ea956655d1a9aeaa9ccb69d95b595bab6e334d86b6bbdb6329fcf5d4ff00e3e6ff00fca51ffb13ff00becbb7ea583ff3cbea63282ffb0fed6c7c7c8dd1eafa7269ccd9b668f53e8fa7fe0d253e0981d03ae752a1d93d3f03232e9638b1d6535b9e03800f2cf6077bf6b9abe8acbe8dd3fab74bab07aa638be802b71a9e48873069f40b5ded59ff0052bea90faa9d36ec0195f6c175e6ff0053d3f4e2595d5b36fa977fa25c65bfe3becaed7d67a30258e2d9fb4f818ffb8c929e5ffc6474ac1e91f5ac62749a0635629a9ecaeb93ef3bbddee2ef72be7a97f8e324cb3a8cf96388fc29581f5abeb49fac5d75bd60e37d976b2b67a3bfd49f4cccfa9b2afa5fd45daffe3e6eff00ca51ff00b13ffbea929e433ba6fd7c3d41ff005873b0b3065d05b92fcc7d25bb4d01a596bbd82afd0b296fe6ae93ea6f5ae93f593ed9ff003f7329c9fb27a7fb3fed6f6d5b7d4f57ed7e97a669dfbbd2c6debb7775d3f587fc5be7f5834fd98e4e066fe843b7edf4db9147f39b6bddbbd2ddf4178024a7db3eb2740fab9d13eac647d63fab78f5e366d15d76e166d2e73a058eaebdecdeeb2b7b6ca2d7fe6af22eafd7babf5bb6bbbaae4bb2aca5bb2b7383410d277c7b1acfce72e9f3bfc651cbfa9edfab1fb3830371a9c6fb57ad3fccfa7fa4f47d1fcff47e87aab89494fbb33ea77d40c5e8f8d9fd4f0b1f1eb75551b2eb5ef63773dade5c6cdbee72e03eb9fd59a333abb2cfa9980733a5b69636cb7043aeabd6dd61b18eb5a6c6fabe93a9decdcb630feb49faff008b4fd4c38bfb343eb61fb6eff5e3eccd167f46d98ffcefa7fe9ff47ff088cefac3ff008d6ffd8db68fdafeb7eba724bfecd1eafe83d2f47665fd0fb36ef53d5fcf494ec1e9bfe2764cbfa77cb23ff532eaba355d1aae895d7d0cd67a686d9e81a5dbd9ab9e6dd8f2e7eefd3fa8bcfbff0018c6ff00e5d1ff00d86ffdfa5de7d5ce85ff0037beaed3d1fd7fb4fd99b6fe9b67a7bbd47d97ff0037beddbb7d5d9f4d253fffd6f47cfea981d23a5bba8f51b7d0c4a1acf52cdae7c6f2da99eca9afb3f9c7b3f3172b9bf5dbfc55750b45d9f66365dad6ec6d97e15b6383412e0c0fb715ced9b9ce56ff00c667ff0093fea1fd5c7ffcff008eb84ff179fe2f3a2fd68e8b767e7dd9355b564ba86b68756d6ed6d74da0916d373b7eeb9df9c929ed737fc617f8b5cfa4519f95565d20870aafc4bac6870d03b65b8ce6eef727c7ff00185fe2d7171bec78b955518a641a2bc4b995fbbe9fe8998cd67bff003951ff00c653eaaffdcacfff00b729ff00de54bff194faabff0072b3ff00edca7ff795252bfe72ff0089aff4381ffb8e77fef1abbd57a67d4dcefa99d47abf49e9d846a76164bf1b2198acadc1cc65adf519be9aeeadccb19ed72e1bfc62fd41e8ff0055ba762e574fbb26db2fb8d4f17b98e686ed73fdbe9534fbbdabafe87ffe476cff00d3766ffeeca4a787ff0016fd4fea6e07ed1ff9d0cc77fa9e8fd93ed18e72236fafebecdb4e47a5f4a9ddfbebdb7a75b85774fc6b7003461594d6ec50c6ec6fa4e6b5d46caa19e9b3d2dbfa3d9ec5f2eaedfa77f8ddfac9d3fa7e360538d84eab129ae8adcf65a5c5b5b5b530bcb725addfb5bfba929f58eb7f5cbeadf40ca662756ccfb35f6562d633d2b5f2c25cc0edd4556b3e956f5e2ff52f3feaee2fd66b327af8a9fd35ccb63d7a4ded2e7106afd0fa773b77f2bd35d9f44e8d8dfe34319fd77afbacc5c9c479c2ad98245759ad81b93b9edca6e659eaefca7ff85fa1e9fb166fd7cff16dd0feae7407752c1bf2adb85acaf6dcfadcc87cce95d153bfe9a4a77eefacbfe278d2f15d381bcb4ecff273b98f6ffda35c97f8a1e9dd3fa8fd60cba7a862d3995370dcf6d77d6db1a1c2ca1bbdadb5aff76d72e157a0ff0089323fe73660eff617ff00e7dc7494f69f5afeb47d50e91d1faafd59aeeaf0f2db897555e155458d607df53aca9ad34d3f666faaebdaff00a7f9ff00a45e14bdb7ebd7f8bce8b9d5f57facb6dd92dcd6633ef15b5d58ab763d1b6a1b1d4badd8ef419ea7e9978924a7ddfa574cfa9b83f533a7757eadd3b0854dc2c67e4e43f159638b9eca9bea3f65365d639f63fdce56fa1e2ff8bdebf4d97f48e9d8193552ed963bec4dae1c46edbfa7a2afcd53e9dd1b1bae7f8bfe9dd2b2df657464e06207baa203c06b29b46d3632d67e67ee2b5f55bea974efaad8b762f4fb6eb6bc8b058f37b98e2081b3dbe9574f824a7c330b0bade4fd67c8c5fab9beace16dfe88c7b06390c697ef6b2cdf4358df4ff337af5afa97f55725dd25e7eb9e0d79bd53d776cbb3bd3ccb7d1db5fa6c6e43dd93b6a6d9eb7e8bd45e4f89d7f33eaefd6acaea7875d76645575ec0db838b3dee7b1d2dadf53bfe9af66ff17ff5973feb37437f51cfaeaaae6e43e90da039addad6d6f062db2e76edd63bf392531ff18783f59b3ba2d357d5a75cccd6e4b5d61a2e18eef4857735f36baca3733d5753fa3dead7d51c6eb389f5571b1fae9b1dd4d8dbbed06db05cfd6cb5d56ebdafb77fe85d5ff84557fc61fd68ea1f55fa2d39f815d36db6e4b68736f0e7376babbad240aaca5dbf752dfce56bea8f5bcaebdf5571bab6632baf2325b76f6d40860d965b4376b6c75aff00a157efa4a7ffd7ea3fc667ff0093fea1fd5c7ffcff008eb33fc4a7fe2572bff0fd9ff9e71569ff008ccfff0027fd43fab8ff00f9ff001d667f894ffc4ae57fe1fb3ff3ce2a4a7c589327556ba413fb570b5ffb5157fd5b539e8dd6093fa8e4ff00db2fff00c8ab5d2fa47566753c37bf0b21ad6df5124d4f81ef6ff25253e9bfe3bbfe44e9ff00f868ff00e7b7ab5d0fff00c8ed9ffa6ecdff00dd9557fc777fc89d3fff000d1ffcf6f56ba1ff00f91db3ff004dd9bffbb2929c6ff119ff007b7ffa0bff00bb6ba0cfff001b3f55fa7e7e4e05f4e59bb12eb28b0b6bacb4bab71a9e587d71ecdcd581fe22ff00ef6fff00417ff76d6153d02acfff00191995f59c7b19d26dcecd75d73f7555c4e43e93f69f635bbeef4b6fbfde929d7ebdd272ff00c66e5b3ad7d5d2ca31312b184f6e6135bcd8d2ec97398ca1b92df4b664d5eedff4d735f58bfc5d75ff00abbd30f52cfb719f407b6bdb53dee74ba769dafaab6fe6fef2e9baf67752faa3975f4dfa860d9d36eac5f79a99f6b1f68739d53a6f22edaef469a3f43bbff3e2e43ae7d7cfacbd7304f4eea77b2ca0bdaf2d15318773263dcc6b5c929c1c77b6bbebb1d3b58f6b8c7300cafa07eacfd7ee87f59b3edc1e9d5e432daaa3739d731ad6968736bf6965963b76eb1ab8dff177f513eacf5dfab4dcfea78eeb323d6b186c16bd836b76edf6b1cd67b5765f563eacfd4ee939d664f417b1d9365258f0cc8377e8cb98f9d9bdff009ec67bd253ccfd68fa99d59bf5c6efae65f4fecbc1b28ceb6bdcef58d7875d2fc86d75fa7e9faaefb359e96eb972ff00e32beb9f49fad3fb37f66b2e67d8fd7f57d76b5bfcefa1b366cb2dff0042f5eaff005bba86037eaef59c6764d2dc8fb0e437d136343e5d4bcb1be9eedfeedcbcbffc567d53e89f593f6a7ed6a5d77d97d0f476bdcc8f53ed1ea7f36e6eefe698929afd3ffc537d68ea1818d9f45d8829cba997d61d63c3836c68b181e052e6eedae589f59feaaf54faaf934e3750b2a7d97d7eab0d0e738001c59eedecabdded5ed1f587a9d5d0feaadd89f57f22b39f8155746250d736eb46c7574ecf40ef7d8f653bbf31739f55fa3ffcfac6bf3beb963d9666625829c7d1d8d15168b76ecabd2dff00a47fd2494f3347f89efad3914557d7761ecb98db1b365930e01fafe83cd13ff199fadbfe9f0ffeddb3ff00482af93fe337eb7e0e4dd858f955b68c57ba9a9a69ac90cac9aeb6ee2cf77b1a8947f8c7ff0018f935fab8c5d75725bbebc56b9b235737732b3f47724a7acff177fe2ffae7d59eb77e7f51b31df4db8afa1a297b9cedceb29b4487d75fb76d2f5e85680297c7ee9fc8bcd7fc59fd77fac5f587af5f85d52f6db45788fb9ad6d6c67bdb6515876eadad77d0b5ebd2aefe69ff00d53f91253fffd0ea3fc667ff0093fea1fd5c7ffcff008ebcfbea17f8c5c0faadd1eee9f93896e4596e4baf0facb4001cca6adbeffcefd0af5fcdc2e9bd53a71e9fd458dbf1ad0cf56a71201d85b6b67616bbdb631ab1ff00f1befa89ff0095b4ff009f67fe94494f3bff008f7f48ff00cadc8ff39897fe3dfd23ff002b723fce62e8bff1befa89ff0095b4ff009f67fe944bff001befa89ff95b4ff9f67fe94494f9a7d7ff00f18183f5aba7e362e362db8efc7b8dae7585a411b4b206cfeb2efbea860d9d4bfc5753d3ea70659998993431ee9da0d8ebeb6b9d1f9bee577ff1bffa89ff0095b4ff009f67fe945b7d3b13a6f4cc3ab0701ada31690457502480092f76af2e77d2724a7cdba7ff00eba6f53f69ff00947f6d47a5f66f6ecfb2eedfea7adfe93edacd9b7f711b2febbe1fd7fc77fd52c2c6b30f27a947a791716bab6fa04673b7b6bf7fbd98ce62ee7acf41fabfd74d27ab63b32becdbbd1dce70dbbf67a9fcdb99f4bd262add3bea7fd51e979b567e0615746553bbd3b5ae7923735d53f473dcdfe6dee49483ea0fd54cafaadd2afc0c9bd990eb720ded756080016555c1dff9dfa25c3ddfe253ac5b75967ed1c71bdce77d17f732bd6fd6abf7825eb55fbc1253ce7d53fab791f56beac5dd3326d65ef06eb37d6086c3c683dffd55e43f507eb562fd56eab7e7e4d0fc86db8e686b6b20104beab24eff00cdfd12f7f7d943da58e702d70208f1057383fc5f7d44000fd9b569e2fb0ffe8c494f1997f52333ebfe43feb6e164d7878dd4a3d3c7b839d637d00305dbdd5fb3defc673d755fe2f7ea4667d523d43ed5935e48cdf4767a61c23d2f5b76edff00bdebae93a6e1f4ce97855e06031b462d33e9d409206e73ac7eaf2e77b9ef7395af5aafde0929e0fa7ff8b8ea187f5e1df599d974ba87655f91e880e0fdb77abb5bfb9bdbeb2efd43d6abf7825eb55fbc1253f3c74efabf77d63fad993d2a8b9b45965b90f163c123d85ef8f6aee307eb053fe2c683f573a8d4eea17dce3982ec721ac0db2296d7fa6f76fdd8ce72edb03eab7d56e9dd43f69e162574e6cbcfac1cf266cfe77daf7b99eedc9fab7d56faafd672866753c4af272031b58b1ce78f6b4b9cd6c31ed6fd27b9253cefd42ff1759ff55bac5dd43272eac865b8cea032b0e04173e9b777bff37f42bbabbf9a7ff54fe44bd6abf78285b6d66b780e0496981f2494ff00ffd9003842494d042100000000005500000001010000000f00410064006f00620065002000500068006f0074006f00730068006f00700000001300410064006f00620065002000500068006f0074006f00730068006f0070002000430053003500000001003842494d04060000000000070006000000010100ffe10dd0687474703a2f2f6e732e61646f62652e636f6d2f7861702f312e302f003c3f787061636b657420626567696e3d22efbbbf222069643d2257354d304d7043656869487a7265537a4e54637a6b633964223f3e0d0a3c783a786d706d65746120786d6c6e733a783d2261646f62653a6e733a6d6574612f2220783a786d70746b3d2241646f626520584d5020436f726520352e302d633036302036312e3133343737372c20323031302f30322f31322d31373a33323a30302020202020202020223e0d0a093c7264663a52444620786d6c6e733a7264663d22687474703a2f2f7777772e77332e6f72672f313939392f30322f32322d7264662d73796e7461782d6e7323223e0d0a09093c7264663a4465736372697074696f6e207264663a61626f75743d222220786d6c6e733a786d703d22687474703a2f2f6e732e61646f62652e636f6d2f7861702f312e302f2220786d6c6e733a786d704d4d3d22687474703a2f2f6e732e61646f62652e636f6d2f7861702f312e302f6d6d2f2220786d6c6e733a73744576743d22687474703a2f2f6e732e61646f62652e636f6d2f7861702f312e302f73547970652f5265736f757263654576656e74232220786d6c6e733a64633d22687474703a2f2f7075726c2e6f72672f64632f656c656d656e74732f312e312f2220786d6c6e733a70686f746f73686f703d22687474703a2f2f6e732e61646f62652e636f6d2f70686f746f73686f702f312e302f2220786d703a43726561746f72546f6f6c3d2241646f62652050686f746f73686f70204353352057696e646f77732220786d703a437265617465446174653d22323031302d31312d30355431393a33373a32342b30313a30302220786d703a4d65746164617461446174653d22323031302d31312d30355431393a33373a32342b30313a30302220786d703a4d6f64696679446174653d22323031302d31312d30355431393a33373a32342b30313a30302220786d704d4d3a496e7374616e636549443d22786d702e6969643a38323242413742423042453944463131384634374541423139313631433846362220786d704d4d3a446f63756d656e7449443d22786d702e6469643a38313242413742423042453944463131384634374541423139313631433846362220786d704d4d3a4f726967696e616c446f63756d656e7449443d22786d702e6469643a3831324241374242304245394446313138463437454142313931363143384636222064633a666f726d61743d22696d6167652f6a706567222070686f746f73686f703a436f6c6f724d6f64653d2233222070686f746f73686f703a49434350726f66696c653d22735247422049454336313936362d322e31223e0d0a0909093c786d704d4d3a486973746f72793e0d0a090909093c7264663a5365713e0d0a09090909093c7264663a6c692073744576743a616374696f6e3d2263726561746564222073744576743a696e7374616e636549443d22786d702e6969643a3831324241374242304245394446313138463437454142313931363143384636222073744576743a7768656e3d22323031302d31312d30355431393a33373a32342b30313a3030222073744576743a736f6674776172654167656e743d2241646f62652050686f746f73686f70204353352057696e646f7773222f3e0d0a09090909093c7264663a6c692073744576743a616374696f6e3d227361766564222073744576743a696e7374616e636549443d22786d702e6969643a3832324241374242304245394446313138463437454142313931363143384636222073744576743a7768656e3d22323031302d31312d30355431393a33373a32342b30313a3030222073744576743a736f6674776172654167656e743d2241646f62652050686f746f73686f70204353352057696e646f7773222073744576743a6368616e6765643d222f222f3e0d0a090909093c2f7264663a5365713e0d0a0909093c2f786d704d4d3a486973746f72793e0d0a09093c2f7264663a4465736372697074696f6e3e0d0a093c2f7264663a5244463e0d0a3c2f783a786d706d6574613e0d0a202020202020202020202020202020202020202020202020202020202020202020202020202020202020202020202020202020202020202020202020202020202020202020202020202020202020202020202020202020202020202020202020202020200a202020202020202020202020202020202020202020202020202020202020202020202020202020202020202020202020202020202020202020202020202020202020202020202020202020202020202020202020202020202020202020202020202020200a202020202020202020202020202020202020202020202020202020202020202020202020202020202020202020202020202020202020202020202020202020202020202020202020202020202020202020202020202020202020202020202020202020200a202020202020202020202020202020202020202020202020202020202020202020202020202020202020202020202020202020202020202020202020202020202020202020202020202020202020202020202020202020202020202020202020202020200a202020202020202020202020202020202020202020202020202020202020202020202020202020202020202020202020202020202020202020202020202020202020202020202020202020202020202020202020202020202020202020202020202020200a202020202020202020202020202020202020202020202020202020202020202020202020202020202020202020202020202020202020202020202020202020202020202020202020202020202020202020202020202020202020202020202020202020200a202020202020202020202020202020202020202020202020202020202020202020202020202020202020202020202020202020202020202020202020202020202020202020202020202020202020202020202020202020202020202020202020202020200a202020202020202020202020202020202020202020202020202020202020202020202020202020202020202020202020202020202020202020202020202020202020202020202020202020202020202020202020202020202020202020202020202020200a202020202020202020202020202020202020202020202020202020202020202020202020202020202020202020202020202020202020202020202020202020202020202020202020202020202020202020202020202020202020202020202020202020200a202020202020202020202020202020202020202020202020202020202020202020202020202020202020202020202020202020202020202020202020202020202020202020202020202020202020202020202020202020202020202020202020202020200a202020202020202020202020202020202020202020202020202020202020202020202020202020202020202020202020202020202020202020202020202020202020202020202020202020202020202020202020202020202020202020202020202020200a202020202020202020202020202020202020202020202020202020202020202020202020202020202020202020202020202020202020202020202020202020202020202020202020202020202020202020202020202020202020202020202020202020200a202020202020202020202020202020202020202020202020202020202020202020202020202020202020202020202020202020202020202020202020202020202020202020202020202020202020202020202020202020202020202020202020202020200a202020202020202020202020202020202020202020202020202020202020202020202020202020202020202020202020202020202020202020202020202020202020202020202020202020202020202020202020202020202020202020202020202020200a202020202020202020202020202020202020202020202020202020202020202020202020202020202020202020202020202020202020202020202020202020202020202020202020202020202020202020202020202020202020202020202020202020200a202020202020202020202020202020202020202020202020202020202020202020202020202020202020202020202020202020202020202020202020202020202020202020202020202020202020202020202020202020202020202020202020202020200a202020202020202020202020202020202020202020202020202020202020202020202020202020202020202020202020202020202020202020202020202020202020202020202020202020202020202020202020202020202020202020202020202020200a202020202020202020202020202020202020202020202020202020202020202020202020202020202020202020202020202020202020202020202020202020202020202020202020202020202020202020202020202020202020202020202020202020200a202020202020202020202020202020202020202020202020202020202020202020202020202020202020202020202020202020202020202020202020202020202020202020202020202020202020202020202020202020202020202020202020202020200a20202020202020202020202020202020202020202020202020202020202020202020202020202020202020202020202020202020202020202020202020202020202020202020202020202020202020202020202020203c3f787061636b657420656e643d2777273f3effe20c584943435f50524f46494c4500010100000c484c696e6f021000006d6e74725247422058595a2007ce00020009000600310000616373704d5346540000000049454320735247420000000000000000000000010000f6d6000100000000d32d4850202000000000000000000000000000000000000000000000000000000000000000000000000000000000000000000000001163707274000001500000003364657363000001840000006c77747074000001f000000014626b707400000204000000147258595a00000218000000146758595a0000022c000000146258595a0000024000000014646d6e640000025400000070646d6464000002c400000088767565640000034c0000008676696577000003d4000000246c756d69000003f8000000146d6561730000040c0000002474656368000004300000000c725452430000043c0000080c675452430000043c0000080c625452430000043c0000080c7465787400000000436f70797269676874202863292031393938204865776c6574742d5061636b61726420436f6d70616e790000646573630000000000000012735247422049454336313936362d322e31000000000000000000000012735247422049454336313936362d322e31000000000000000000000000000000000000000000000000000000000000000000000000000000000000000000000000000058595a20000000000000f35100010000000116cc58595a200000000000000000000000000000000058595a200000000000006fa2000038f50000039058595a2000000000000062990000b785000018da58595a2000000000000024a000000f840000b6cf64657363000000000000001649454320687474703a2f2f7777772e6965632e636800000000000000000000001649454320687474703a2f2f7777772e6965632e63680000000000000000000000000000000000000000000000000000000000000000000000000000000000000000000064657363000000000000002e4945432036313936362d322e312044656661756c742052474220636f6c6f7572207370616365202d207352474200000000000000000000002e4945432036313936362d322e312044656661756c742052474220636f6c6f7572207370616365202d20735247420000000000000000000000000000000000000000000064657363000000000000002c5265666572656e63652056696577696e6720436f6e646974696f6e20696e2049454336313936362d322e3100000000000000000000002c5265666572656e63652056696577696e6720436f6e646974696f6e20696e2049454336313936362d322e31000000000000000000000000000000000000000000000000000076696577000000000013a4fe00145f2e0010cf140003edcc0004130b00035c9e0000000158595a2000000000004c09560050000000571fe76d6561730000000000000001000000000000000000000000000000000000028f0000000273696720000000004352542063757276000000000000040000000005000a000f00140019001e00230028002d00320037003b00400045004a004f00540059005e00630068006d00720077007c00810086008b00900095009a009f00a400a900ae00b200b700bc00c100c600cb00d000d500db00e000e500eb00f000f600fb01010107010d01130119011f0125012b01320138013e0145014c0152015901600167016e0175017c0183018b0192019a01a101a901b101b901c101c901d101d901e101e901f201fa0203020c0214021d0226022f02380241024b0254025d02670271027a0284028e029802a202ac02b602c102cb02d502e002eb02f50300030b03160321032d03380343034f035a03660372037e038a039603a203ae03ba03c703d303e003ec03f9040604130420042d043b0448045504630471047e048c049a04a804b604c404d304e104f004fe050d051c052b053a05490558056705770586059605a605b505c505d505e505f6060606160627063706480659066a067b068c069d06af06c006d106e306f507070719072b073d074f076107740786079907ac07bf07d207e507f8080b081f08320846085a086e0882089608aa08be08d208e708fb09100925093a094f09640979098f09a409ba09cf09e509fb0a110a270a3d0a540a6a0a810a980aae0ac50adc0af30b0b0b220b390b510b690b800b980bb00bc80be10bf90c120c2a0c430c5c0c750c8e0ca70cc00cd90cf30d0d0d260d400d5a0d740d8e0da90dc30dde0df80e130e2e0e490e640e7f0e9b0eb60ed20eee0f090f250f410f5e0f7a0f960fb30fcf0fec1009102610431061107e109b10b910d710f511131131114f116d118c11aa11c911e81207122612451264128412a312c312e31303132313431363138313a413c513e5140614271449146a148b14ad14ce14f01512153415561578159b15bd15e0160316261649166c168f16b216d616fa171d17411765178917ae17d217f7181b18401865188a18af18d518fa19201945196b199119b719dd1a041a2a1a511a771a9e1ac51aec1b141b3b1b631b8a1bb21bda1c021c2a1c521c7b1ca31ccc1cf51d1e1d471d701d991dc31dec1e161e401e6a1e941ebe1ee91f131f3e1f691f941fbf1fea20152041206c209820c420f0211c2148217521a121ce21fb22272255228222af22dd230a23382366239423c223f0241f244d247c24ab24da250925382568259725c725f726272657268726b726e827182749277a27ab27dc280d283f287128a228d429062938296b299d29d02a022a352a682a9b2acf2b022b362b692b9d2bd12c052c392c6e2ca22cd72d0c2d412d762dab2de12e162e4c2e822eb72eee2f242f5a2f912fc72ffe3035306c30a430db3112314a318231ba31f2322a3263329b32d4330d3346337f33b833f1342b3465349e34d83513354d358735c235fd3637367236ae36e937243760379c37d738143850388c38c839053942397f39bc39f93a363a743ab23aef3b2d3b6b3baa3be83c273c653ca43ce33d223d613da13de03e203e603ea03ee03f213f613fa23fe24023406440a640e74129416a41ac41ee4230427242b542f7433a437d43c044034447448a44ce45124555459a45de4622466746ab46f04735477b47c04805484b489148d7491d496349a949f04a374a7d4ac44b0c4b534b9a4be24c2a4c724cba4d024d4a4d934ddc4e254e6e4eb74f004f494f934fdd5027507150bb51065150519b51e65231527c52c75313535f53aa53f65442548f54db5528557555c2560f565c56a956f75744579257e0582f587d58cb591a596959b85a075a565aa65af55b455b955be55c355c865cd65d275d785dc95e1a5e6c5ebd5f0f5f615fb36005605760aa60fc614f61a261f56249629c62f06343639763eb6440649464e9653d659265e7663d669266e8673d679367e9683f689668ec6943699a69f16a486a9f6af76b4f6ba76bff6c576caf6d086d606db96e126e6b6ec46f1e6f786fd1702b708670e0713a719571f0724b72a67301735d73b87414747074cc7528758575e1763e769b76f8775677b37811786e78cc792a798979e77a467aa57b047b637bc27c217c817ce17d417da17e017e627ec27f237f847fe5804780a8810a816b81cd8230829282f4835783ba841d848084e3854785ab860e867286d7873b879f8804886988ce8933899989fe8a648aca8b308b968bfc8c638cca8d318d988dff8e668ece8f368f9e9006906e90d6913f91a89211927a92e3934d93b69420948a94f4955f95c99634969f970a977597e0984c98b89924999099fc9a689ad59b429baf9c1c9c899cf79d649dd29e409eae9f1d9f8b9ffaa069a0d8a147a1b6a226a296a306a376a3e6a456a4c7a538a5a9a61aa68ba6fda76ea7e0a852a8c4a937a9a9aa1caa8fab02ab75abe9ac5cacd0ad44adb8ae2daea1af16af8bb000b075b0eab160b1d6b24bb2c2b338b3aeb425b49cb513b58ab601b679b6f0b768b7e0b859b8d1b94ab9c2ba3bbab5bb2ebba7bc21bc9bbd15bd8fbe0abe84beffbf7abff5c070c0ecc167c1e3c25fc2dbc358c3d4c451c4cec54bc5c8c646c6c3c741c7bfc83dc8bcc93ac9b9ca38cab7cb36cbb6cc35ccb5cd35cdb5ce36ceb6cf37cfb8d039d0bad13cd1bed23fd2c1d344d3c6d449d4cbd54ed5d1d655d6d8d75cd7e0d864d8e8d96cd9f1da76dafbdb80dc05dc8add10dd96de1cdea2df29dfafe036e0bde144e1cce253e2dbe363e3ebe473e4fce584e60de696e71fe7a9e832e8bce946e9d0ea5beae5eb70ebfbec86ed11ed9cee28eeb4ef40efccf058f0e5f172f1fff28cf319f3a7f434f4c2f550f5def66df6fbf78af819f8a8f938f9c7fa57fae7fb77fc07fc98fd29fdbafe4bfedcff6dffffffdb0043000201010201010202020202020202030503030303030604040305070607070706070708090b0908080a0807070a0d0a0a0b0c0c0c0c07090e0f0d0c0e0b0c0c0cffdb004301020202030303060303060c0807080c0c0c0c0c0c0c0c0c0c0c0c0c0c0c0c0c0c0c0c0c0c0c0c0c0c0c0c0c0c0c0c0c0c0c0c0c0c0c0c0c0c0c0c0c0c0c0c0c0cffc000110800d500d403012200021101031101ffc4001f0000010501010101010100000000000000000102030405060708090a0bffc400b5100002010303020403050504040000017d01020300041105122131410613516107227114328191a1082342b1c11552d1f02433627282090a161718191a25262728292a3435363738393a434445464748494a535455565758595a636465666768696a737475767778797a838485868788898a92939495969798999aa2a3a4a5a6a7a8a9aab2b3b4b5b6b7b8b9bac2c3c4c5c6c7c8c9cad2d3d4d5d6d7d8d9dae1e2e3e4e5e6e7e8e9eaf1f2f3f4f5f6f7f8f9faffc4001f0100030101010101010101010000000000000102030405060708090a0bffc400b51100020102040403040705040400010277000102031104052131061241510761711322328108144291a1b1c109233352f0156272d10a162434e125f11718191a262728292a35363738393a434445464748494a535455565758595a636465666768696a737475767778797a82838485868788898a92939495969798999aa2a3a4a5a6a7a8a9aab2b3b4b5b6b7b8b9bac2c3c4c5c6c7c8c9cad2d3d4d5d6d7d8d9dae2e3e4e5e6e7e8e9eaf2f3f4f5f6f7f8f9faffda000c03010002110311003f00fdd5f0bf85b4cb8f0cd84b369f6923bdba333b46324e3924d422f7c158ff008f8f0dff00e0443fe34ba80cfc12bbff00b034bffa24d7f0bde0af0678b7e327c56b2f0a784ecb59d7fc47af5ffd8b4ed36cb7cb717933310b1a28e4b1a77252563fba0fb6f82bfe7bf86ffeff00c3fe347db7c15ff3dfc37ff7fe1ff1afe37ffe1cc3fb647fd1bffc64ff00c125cff851ff000e61fdb23fe8dffe327fe092e3fc290f951fd907db7c15ff003dfc37ff007fe1ff001a3edbe0aff9efe1bffbff000ff8d7f1bfff000e61fdb23fe8dffe327fe092e3fc2957fe08bffb643301ff000cff00f18f27d745b81fd280e547f6430dc7832e2648d25f0ebbc8c155566849624e00033c9cd5ebef0fe81a5dabcf7565a6db409f7a495511179c724f02bf890fd8861d5fc3bff050af843a4ea9f6fb4beb0f889a35a5ddaceccaf0c89a942af1ba9e84302083dc57f571ff000709fc19f187ed01ff000496f8a5e12f01787759f1578ab541a7fd8f4cd26069eeee36dfdbbbec45e4e11589c760680e547d4ff6df057fcf7f0dff00dff87fc68fb6f82bfe7bf86ffeff00c3fe35fc4f7ed19fb087c7efd90fc2765af7c4ff0086ff00103c09a36a5762c2d6f359b19ad619e728ce22566eadb518e3d14d41fb37fec45f1dbf6c1d1353d4be16fc3df1e78f6c3459d2dafa7d16ce5ba4b595d4b2a395e84a82680e547f6f1a6e81e1fd62dd66b4b4d2eea072409210922120e08c8e3ad587f05e8e8a49d36c401d498978af873fe0daaf813e37fd9b3fe093be0ff09fc45f0bebbe10f1559eb1abcb71a6eaf6cd6f771ac97b2323b23720329041ee39af54f8ddff00056bfd997c26de2cf06ea7f1cfe1ad878aac16ef49b9d2e6d6a24ba86ed43466064ce4387f971d73c501ca8f7717de0a23fd7f86ff00f0221ff1a3edbe0aff009efe1bff00bff0ff008d7f191f147fe0957fb547c24f05eb9e2bf137c16f8aba0f86b42824bed4351bdd2a78adece05e5a4773c0503926be71fedcbdff009fcbaffbfadfe34072a3fbc5fb6f82bfe7bf86ff00effc3fe347db7c15ff003dfc37ff007fe1ff001afe0ebfb72f7fe7f2ebfefeb7f8d1fdb97bff003f975ff7f5bfc680e547f78a6fbc12a09371e1b007fd3c43fe35a6fe17d0e380ccda7e9eb0aaef321450a1719ce7a631debf8a9f855ff04b9fda83e3cfc36d2fc5be0ff837f147c4fe16d7a169ac352d3f4a9e7b5bd8c33216461c30dcac3f0afe98fe277fc14dbf67cf18ff00c13d75ff00855a4fc62f00ea1f12f54f8793f852cfc396fabc6fa95cead269ad6b1d8a440ee33b5c11184ebbce280e547dcb623c23aa5ca436a740b99a4cec8e2962776e33c00726ac6a7a4786f448564bdb6d26cd1db6ab4fb230c719c027193c57f349ff0006f57fc1327f693fd9ebfe0ad1f0bbc59e3ff83bf12fc2fe14d306a02ef52d534a9a0b4b5df613a26f66e065d9547b915f6e7fc1ec17325a7ec21f095e191e263e3dc6518a9c7f67dd7a501ca8fd72fb6f82bfe7bf86ff00effc3fe347db7c15ff003dfc37ff007fe1ff001afe263f66ff00d87fe3bfed81a0ea5aa7c2ef879e3df1ee9da3dc2dadedc68b652dd476b2b2ee5472bd095e71e95e8fff000e61fdb23fe8dffe327fe092e3fc280e547f641f6df057fcf7f0dffdff0087fc68fb6f82bfe7bf86ff00effc3fe35fc6ff00fc3987f6c8ff00a37ff8c9ff00824b8ff0a3fe1cc3fb647fd1bffc64ff00c125c7f8501ca8fec83edbe0aff9efe1bffbff000ff8d5ad2f4ef0ceb85c58c3a35e98b1bc406393667a67078e95fc4ffc7eff008278fed17fb2b7c3f3e2af88ff000b7e23782bc362e63b3fed1d5f4f9adadfce903148f7371b8ed6c7d2bf5ebfe0c7fbb96f7c53fb4399a592622d744c6f62d8f9ef7d680e547ed6fc57d32df49f13a456f0c5047e42b6d45c0ce5bd28ab1f19bfe46d4ffaf75fe6d45558c5bd4ea2ff00fe488ddffd81a5ff00d126bf8e1ff822affca64bf67fff00b1fec7ff0047d7f63d7fff002446effec0d2ff00e8935fc70ffc1157fe5325fb3fff00d8ff0063ff00a3ea4d96c7f5b9fb7c7edede00ff00826e7c077f891f12e6d5e0f0c2ea36fa596d36c8ddce269b76cf9011f2fc8d939e38f5af89ff00e22f5fd8e7fe82bf113ff0987ffe3951ff00c1e09ff2879baffb1cb49ffdaf5fca6d033fab6ff88bd7f639ff00a0afc44ffc261fff008e57df9fb237ed45e15fdb5ff677f0bfc52f04bea127853c5d6f25ce9ed7d6c6dae0aa4cf09df192769dd1b77e460f7afe136bfb22ff0083723fe50a1f00bfec0d75ff00a70baa00fe5dfe1571ff000593f0dffd967b5ffd3e2d7f6c25016ce39afe27be157fca653c37ff00659ed7ff004f8b5fdb166803f187fe0f64017f605f8538ff00a1f87fe9baeeb96ff8320c6efd9bfe3be7fe865d37ff004965aea7fe0f6539fd817e157fd8fc3ff4dd775f9a3ff0421ff82f9e89ff000472f861f103c3faafc35d57c752f8d354b5d4239ad3588ec56d56285e32a4344fb89dd9c8c5007f592d18c820720d7f361fb717fc1b35fb527c56fdbe7e277c58d2f4cf039f09eb1e32bef125b34be21449dacdae9a75253670db3f87b1e2bf717fe0965ff0509b4ff829e7ec73a1fc5eb0f0bdcf83ed75bbebdb34d32e2f56f248fecf3b4258c8a880eedb9c6de3dfad7e77fed67ff076ef86fe0efed23f103e0bcdf0475dbdbcd0b5cbcf099d513c490a47332cad6fe788fc824027e6dbbbdb3401adfb50ff00c17b7f67dff82a57ece1e31fd9b7e13df78baebe25fc63d265f09f8722d57446b1b392fa7509189a62e446991cb10715f999ff001083fed8ff00f40af877ff00853a7ff115f51e81ff0006db6bff00f0477d7adff6afd4fe2be8de3bd37e05483c6b71e1cb5d0e5b19f574b7f9cdba5c34aeb196ce37146c7a57daff00f0497ff8397f42ff0082acfed663e15e97f09357f06cff00d8b77ac9d46e75e8ef10080c63cbf2d61424b799d77718e873c007f3dbff00051fff0082387c68ff008256e91e13bdf8b16be1ab687c6735cc3a77f65eaab7accd6eb1b49bc051b46255c1efcfa574dff04faff820c7c7ff00f82987c13bbf881f0becbc2573e1fb2d525d1e56d4b5a5b4984f1c71c8df215276ed95707bf3e95fd117fc1797fe08a5ac7fc164b43f86d67a4fc40d37c09ff081dc5fcd2bdde9525f7db3ed2b000142c89b76f927ae73bbdabe14f01fedf167ff000693e92ffb36789bc3575f1b2ffc4521f1c2ebba5de2e8b0c097205b0b630c8b331653685b76e00ef031c5007b17ec61ff0005b4f81bff00045ffd997c1ffb2ffc6fbdf1358fc53f8456cfa5f8862d1b496d46c239a59a4ba4f2e7560241e54f19240e0e476afc00f861f1c3c3fe15ff008288f87be245e4b78be15d37e22dbf89669120dd702cd3535b86611e797f2c676e7af19afd7ef12ffc1befadff00c17c7c453fed7ba3fc4dd2fe1a695f1c1c6af0f86af7459353b8d216202cca35c24b1ac849b62f908bf7c0ed9afc5ff04feced378cff006bad27e13aead0dbcfaaf8be2f098d4cc05a38da4bd16be798f392013bb6e738e33401fd5f7ec73ff071c7ecd7fb77fed19a0fc2df005ff8d2e3c55e25f3c592dee82f6d6e7ca85e67dd2173b7e48db1c75c0ef5f297fc1eca36fec15f0901ede3dffdc75d558ff82547fc1abfe24ff826ff00edd7e0df8c17df19343f15d9f857ed61f4c83c3d2dacb71e75acb00c486760b83267a1e9507fc1ece777ec17f094faf8f7ff0071d75401cfff00c1910b9fd96fe397affc253638ff00c046afb5ff006deff8387bf672ff00827bfed15ab7c2ef88d7de32b7f1568b6f6d7372b61a135d5bec9e159a3db207193b58678e0f1dabe2aff83217fe4d77e397fd8d363ffa48d5f9cfff0007647fca6bfe207fd81b44ff00d37c3401fb25ff00117afec73ff415f889ff0084c3ff00f1caedff0066cff839cff65cfdabbe3df84fe1bf84350f1ccde26f19ea31e97a6a5d7879a180ccf9dbbdf79dabc75c1c57f2255f59ff00c108ff00e530dfb3bffd8e569ffb35007ef97fc1e20a47fc120a2cf5ff0084eb4aff00d15755f24ffc18ebff00233fed11ff005eba27fe877b5f5c7fc1e2bff28858bfec79d2bff455d57c8fff00063aff00c8cffb447fd7ae89ff00a1ded007edd7c66ff91b93febdd7f9b5147c66ff0091b93febdd7f9b515a2307b9d3dfff00c911bbff00b034bffa24d7f1c3ff000455ff0094c97ecfff00f63fd8ff00e8fafec7afff00e488ddff00d81a5ffd126bf8e1ff00822a02dff0592fd9ff00009ff8afec7a7fd76accd96c7f401ff07827fca1e6ebfec72d27ff006bd7f29b5fdd6fed63fb1efc38fdb93e153781fe2a785e0f16f851af21d43ec135ccf6ea678b76c7dd0ba3f1b9b8ce0e7906be66ff00886c7f623ffa20da3ffe0e754ffe49a067f1d75fd917fc1b93ff002850f805ff00606baffd385d551ff886c7f623ff00a20da3ff00e0e754ff00e49afacbf67afd9ffc21fb2b7c1ed0be1ff807448fc3be0ff0d42d069ba74734b32daa3c8d2300f23339cbbb1cb313cd007f1a7f0abfe5329e1bff00b2cf6bff00a7c5afeb0bfe0b1bfb66789bfe09f7ff0004f3f1efc5bf07d8e8da8f887c2e2cfecb6faa46f25ac9e6ddc30b6f546563859091861c815fc9f7c2c52bff000595f0e020823e33db020f047fc4f16bfa65ff00839eff00e509bf18bfddd33ff4e56d401fcf37fc1527fe0bedf163fe0acbf073c3fe0af1ff0086fc0da369be1cd646b76f36896d7114cf2f91243b58c92b8dbb6463c00738e6bde7fe0dd6ff0082177c2bff0082b9fc22f895aefc41d7fc6ba35f783b58b4b0b35d12e6de28e48e581dd8b8922725b2a318238ed5cfff00c1abbfb08fc26fdbeff6c1f887e1af8bde0db4f1a689a3f838ea5656d7175716e20b8fb6dbc7e6030c88c4ec7618248e7a57f4a3fb18ff00c13e3e0e7fc13ef41d774df83de08b5f05d87896e23bbd4a182f2eae45ccb1a144626791cae149e17039a00adff04edfd81bc2bff04d7fd97748f84fe0cd4f5bd5f40d1aeeeef21b8d5e48e4ba2d71334cc098d11700b103e5e95f15fc73ff00834ebe02fc7dfda57c4ff14756f1a7c50b6d7bc55afcde22b986daf2d16da29e598ccc881adcb6cdc703249c77af84bfe0e2aff82d0fed39fb18ff00c1537c63e02f863f16354f0af8474ed2b4a9edf4d874eb19921796ce392421a581dfe66627963d78e2bf6c3f612f8c1e25f8b1ff0004c3f863e39f106ab36a9e2cd7be1fd9eb17ba8b448af7175259091a5daaa1012c7380b8f6a00e53fe0b8700b6ff00823dfed0f183909e07be507e91e2bf013fe0cf0ff94bf7fdc91ab7fe876d5f38fc6dff0082f57ed6df1f7e18f893c0de2df8cbaaeb7e14f145a4ba6ea7612695a722dddb3f0c85d2dc38047195607debe8eff833c3fe52fdff007246adff00a1db5007f5575f037fc14e3fe0de3f843ff0553fda0ac7e2378f3c4fe3cd2358b0d1e1d1638346b9b78edcc51c92c818892173b8995b3ce381c57dee24073c1e0e3a51e60dc060f3ed401fcdefed07ff0005e6f8abff00042df8d5ae7ec9ff000bfc39e08f11fc3ff82b3a695a3dff00892dae26d52ee29516ed8cef0cb1c65b7dc38ca228da178cf35f97bfb1878bee3e20ff00c14c7e14ebd771c315d6b7f13749bf992204468f2ea9148c14124e01638c9e95ec3ff0718ffca6b7e3f7fd86adbff482d6bf77fc43ff000442fd967e09fec1177f17fc2df08f4ad1fe227847c00de2fd23598b54bf792cb55b6d3bed705c8479cc65967457daca5491c8238a00fd46afc5eff83da7fe4c37e12ffd8fdffb8ebaaf943fe0819ff05b7fda97f6bdff0082a9fc35f00fc46f8b7aaf897c23ad0d40df69d2e99610a5c797633c89968a057187453c11d2beaeff0083d9c11fb05fc25cf5ff0084fbff0071d7540183ff000642ff00c9aefc72ff00b1a6c7ff00491abf39ff00e0ec8ff94d7f8fff00ec0da27fe9be1afd17ff008322411fb2cfc7238383e2ab100e38cfd91abf467f69dff822bfecc5fb667c63d43e207c4df851a7f8abc61aa4304175a8cda95fc0d2a43188e31b229d106d4503217271ce6803f8abafacff00e0847ff2986fd9dffec72b4ffd9abfa61ff886c7f623ff00a20da3ff00e0e754ff00e49ae9fe0c7fc1057f649fd9e7e2bf87fc71e0cf837a6687e2af0b5e26a1a5dfc7aaea3235a4e99dae15ee191b19e8c08f6a00f9affe0f15ff009442c5ff0063ce95ff00a2aeabe47ff831d7fe467fda23febd744ffd0ef6beb6ff0083c3c13ff04828f8391e39d2b3c74fdd5d57c93ff063affc8cff00b447fd7ae89ffa1ded007edd7c66ff0091b93febdd7f9b5147c66ff91b93febdd7f9b515a2307b9d45e234bf05ae51159ddf47902aaa9258f9278007535fc48e9bfb29fc76f0978c9359d13e1afc5cd2b52b1ba373677b65e1dd460b8b770d9578e458c32b0ec410457f709e0d5dde11d33af16e9fc8564fc6bf8c7e1bfd9dfe11f883c73e31d5068de17f0b58c9a8ea97cd1bcab6b020cb3954059b03b2826b3365b1fc65effdb37d7f69dfcf5ca37fed9bebfb4efe7ae57f4e9ff1127fec51ff0045cf49ff00c14ea3ff00c628ff0088943f628ffa2e7a4ffe0a351ffe3140cfe62f7fed9bebfb4efe7ae52a4dfb6746e195bf69e56539041d74115fd39ffc44a1fb147fd173d27ff051a8ff00f18a3fe2250fd8a3fe8b9e93ff00828d47ff008c5007f32bfb11fec97f18acff006eaf843abeaff0cbe26471c7e3cd1aeef2f2efc397c0281a842cf248ed1fd49627d49afe9abfe0e4df07eb1f103fe08dbf16f48d0349d535cd56e869a21b2d3ed24bab89b1a8db13b638c1638009381c004d1ff11287ec51ff0045cf49ff00c14ea3ff00c62bb7fd9bff00e0b7dfb2dfed69f19b47f007c3cf8afa7f88fc5daf99058e9f169d7b134e638da57c34912a8c2231e48e9401f901ff00066f7c02f1dfc21fdbb3e275df8b3c13e2ff000c5a5cf815a1867d5b46b9b28a57fb7da9d8ad22282d804e01ce01f4af51ff0083bc8fc6e5fda0be0d7fc2a53f15c5a7fc23b7ff006fff008448ea1e4eff00b4c7b7cdfb37cbbb1fdee715fbc063046327f3a1620a382df9d007e4c7fc104c7c277ff826c7857fe1a487c3b3f15ffb47521a87fc2cafb1ff00c245e47dae4fb3f9df6fff0048d9e56dd9bb8db8dbc62bf0ff00f6e7fdabbc73a27fc14f7e26689e0ff899e2bb4f03c1f102f2d34ab0d13c47711e931597db59522b78e193c95802602aa0d817000c57aa7fc1d9402ffc16b7c79efa268bff00a6f8abcd7f675ff8207fed6df1474bf0478ef40f83daaea5e15d74596b1637c9a958aacf6b21491650ad30600a1ce0807da803fa38ff0082bbfec61f0ee2ff008257fc7197c27f093c123c50de0cbc3a79d23c296bf6ef38c7c187ca8b7efcf236f23ad7e377fc1a5dfb397c43f853ff0005635d4bc51e02f1a786f4d6f066a908bbd5343bab483797b6c2ef9102e4e0f19afe9c2c612b67106cab246aa467a702bcdbf6b8fdb17e1bfec31f0a078dfe29f89a1f0a785dafa2d345f4d6f34ebe7ca18a26d8959b908dce3031401f95dff077f9f8be3c2ff028fc243f1345c7daf58fed1ff8444dfe76ecb4d9e77d9bdf76ddff00ed63bd7b27fc1a847e23ff00c3bb3c487e289f1d9f117fc26f79e5ff00c2566ecde791f65b4dbb7ed3f3f979ddd3e5ceeef9af531ff07277ec50a38f8e7a4ffe0a751ffe315f487ec8dfb6c7c31fdbcfe1a5d78bfe13f8aedfc5de1cb2bf7d326bc86de78152e1111da3db2a2b70b221ce31f35007f2e5ff000701fecaff0013fc7fff00058cf8ebab685f0dfc7dad69579acdbb5bde58f87aeee2de702c6d8128e919561904641ed5fd08fc74fdab3e170ff824f78c3413f12bc0035c5f84d796074f3e22b31742e068ee86131f99bbccdff2edc673c6335b9f1ebfe0babfb2a7ecbff1935df0078efe2de9de1ef167866e16db53b0974cbe95ad5da349002d1c2cadf2ba9f949eb5fcd7fed19ff0425fdab6fb56f1e7c4d8fe116a6de07966d43c4e9aa7f6958ec6d38b49722e36f9dbf061c3e31bb1c633c50068ff00c1af3ff29b2f845feeea9ffa6db9afd77ff83c9fe1578a7e2e7ec45f0aec7c29e1af10789ef6dfc73e74b0693a74d7b2449f60ba1b99625620648193dcd7e447fc1af3ff0029b2f845feeea9ff00a6db9afebe3cb009393c9cf5a00fe203e1d7c25fda87e0fe9f7369e12f0cfc7bf0b5adec825b88748d3b56b18e7703019d62550c40240279c1ae8b7fed9bebfb4efe7ae57f5b1fb667fc153be037fc13efc57a2e8bf17be20da783752f10da3df69f0cf657571f68851c233030c6e0618e304835e367fe0e50fd8a00ff0092e7a4ff00e0a351ff00e31401fcc5effdb37d7f69dfcf5ca37fed9bebfb4efe7ae57f679f09fe27e87f1bbe1b685e30f0c6a2baaf873c4d610ea7a65e22ba0bab79503c7205601802a41c100d745b3ddbf3a00fe223c7bf0eff006acf8a9e1ffec9f14685fb4278934a32acff0063d52cb58bcb7f31410afe5c8acbb8066c1c6464fad7ec8ffc1977f053c67f07fc51f1fbfe12df0878a7c2c2f6d745fb31d5f49b8b2171b5ef376c32a2ee232338ce323d6bf653f6b6fdb23e1bfec2df0b078dbe2a789e1f09f859efa2d356fa5b79a75fb44a18a26d8959b908c738c0c735cafec67ff0533f821ff0508bcd7edfe0ff008f2d3c672f859609354586d2e6dfecab3171193e74699dc637e99fbb401d57c66ff91b93febdd7f9b5147c66ff0091b93febdd7f9b515a2307b9da68fab2683f0e60bd915de3b3b0f3dd531b98226e20678cf15f867ff051aff83af3e027ed67fb0e7c5af859a1782fe29586bde35f0e5e68b653ded9592db45348a555a42b72cc133c92149f6afdcad3b48fedff00867158990c42f74f36e64032537c65738ef8cd7f3d7fb79ffc1a23e1efd903f640f89df1663f8ebad6bd71e06d0aef5c4d39fc2b15ba5e3c4a5c4664174c5413c6429c75c1e9599b2d8fcb9ff826b7fc13a7c5ff00f0541fda553e17782756f0f68bae3e9773ab2dc6b524b1db18e0d9b973146edb8ef18f971d79af4dff0082acff00c1103e26ff00c122742f05dffc41f11782b5c8bc733dddbd92e8571712b446dd62673279b0c6003e6ae319e86bdf7fe0cfc3bbfe0b0d6b9ffa13356ffda15f67ff00c1f123fe2db7ecefff00613d6fff0045595033f9e5a00cd15fb53ff04d7ff834db40fdbf3f619f87bf17ee3e376b1e18b9f1c58cb76fa647e188ee92cca5ccd0ed121b942c3f779fba3ad0070be02ff8338ff68af889e04d13c4363e3cf842965af69f6fa8c0b2df5f07449a25915587d97ef00c01c71915ea3fb35ffc1153e25ffc1be1f19f47fdad7e2e6bfe0df13fc3ff00858646d534df0b5c4f3ead71f6b8daca3f25278a28ce24b8427748bf2838cd74579ff078d7887f667ba93e1bc1f01745d5e0f87cc7c351df49e2c9617bd5b2ff0046131416a4217f2f76dc9c671938cd5bf0cffc172754ff00838cf5a87f63dd5fe1ce9ff0a34ff8b39597c5367acbeaf3e99f6306f86db678a15937b5b843991701c9e48c100fd24ff825a7fc17f3e147fc159fe31f887c15e00f0c78ef45d47c39a31d6ee27d72deda281e213470ed5314d236edd2a9e4018079abff00f0554ff82edfc2ff00f824778efc23a07c40f0d78df5cb9f19584fa85a4ba1416d2c7124522c6cafe6cd19dc4b64601181d6bf387c69fb28c1ff00067dd8c5f1bfc3dadcbf1dee7e263ffc20f268fa8da8d023d3d0837bf691346f705db36a13615030e4eee307f353fe0b4bff000595bfff0082c6fc41f02ebfa87802cbc03278274eb9d3d62b7d5df51178269564dc4b451ecc6dc630739ebda80303fe0b7bfb79f84ffe0a53ff000508f127c59f04e9baee95e1fd634ed3ad22b7d6228e3ba47b7b5489cb08ddd70594e3e6e47a74afeab3fe0945ac47e1eff824bfc09d4255778ac7e1ce9770ea98dcca9648c40cf7c0afc1cff8243ffc1af5a17fc14fbf619f0f7c5fbcf8c7abf83eeb5bbdbeb47d321f0dc77b1c3f67b97843090dc213b8283f746338ed93fd0e7c16f8011feca9fb0be83f0d61d564d722f02783d7434d4248040f7a2ded7cb1218c16085b6e7009c67a9a00fcd893fe0f4cfd9b629191bc01f18832920ffa05876ffb7aaf2efdae3fe0a41e0eff0083a2fe137fc3307c0dd27c43e0ff001c7db62f177f6878ce28adb4b16b6419658f7db493c9e6b1b84da3cbda70d965e33fcf06a3ff002109ff00eba37f3afa6bfe0919ff00052dbbff0082517ed667e2a59783edbc6f39d12ef461a74fa8b582813b467ccf316390e57cbe9b79cf51401d67fc156bfe088bf137fe0911a3f82ef7e20f887c17ae47e399aee1b25d0ae2e25684dbac45cc9e6c51e01f35718cf435f637fc1013fe0e1cf841ff0004a9fd8c757f877e3bf0bfc40d6b5ad43c4f73ad24da2dadac96eb0c905bc6aa4c93a36ecc4d9e31c8e6bda7c13e256ff83c964b8d17c450afc034f80a16f60974d63e213ad1d4b28cae24fb3f95e5fd8d4820beef30e71b467a11ff00063a78647fcdc5ebdff84745ff00c97401e35fb447fc1067e2bffc1743e306bffb59fc2bf11f817c3de02f8d12aeafa2e99e25bab98355b58e28d6d196e1618658d58c96ee7e491c6d2bce7207ef17c48f80babf8c3f609d77e165b5ce9e9afea7e019fc2d15c48ce2d56e5f4e6b60e485dde5ef39ce338ed9e2bf147c49ff000704eadff040dd5e7fd90349f861a6fc4db0f81fff0012787c5179ae3e9736afe70fb6191ad96194458372530246c84ce79c0fdbaf1f7ed0973e0bfd8ab5af8b49a4417179a578266f16ae96d745639248ec0dd79065da485246ddfb338e76f6a00fc1bfd99bfe08bff12bfe0de6f8c9a47ed6df17f5ef07789fc01f0c448ba9e99e15b89ee3559cde46d651f9293c50c67124e85b748bf2838cd7ea9ffc12c3fe0beff0a7fe0ad7f187c45e0bf007863c77a26a1e1ad1bfb6ae66d72deda28648bcf8e1d8a629a43bb748a7900601e6bf363c2fff0005bdd4ff00e0e3ed621fd8f759f87761f09f4ff8a79697c5365ac3eaf369bf6206f86db578a15937b5b843991768727923075bc69fb2d41ff067c58c7f1b3c3fad4df1deebe283ff00c2112691a8db0f0fc7a7a60defda44b1b5c1739b609b36afdf277718201f4aff00c1c4ff00f0428f8abff0570f8d3f0e3c41f0ff00c45e06d12c7c21a25ce9d76baedd5cc52c92c938914a08a19015db9c9241cf6afe763fe0a25fb05f8abfe09adfb52eb1f09bc67a9e85abebfa2dada5dcd73a4492c96acb710acc814c888d90ae01f97ad7eb6ffc470fe26ffa374d07ff000b19bff912bf2aff00e0aa3ff0504baff829efed97aefc60bdf0b5bf83ae35cb3b2b46d2e0bf6bd48becd6e90eef34a213bb6671b46338e7ad007f5dbff0495ff9460fecff00ff00620e8dff00a471d7d0b5f3d7fc1257fe5183fb3fff00d883a37fe91c75f42d007e557fc1e2bff28858bfec79d2bff455d57c8fff00063aff00c8cffb447fd7ae89ff00a1ded7eb57fc15dbfe099b69ff000560fd93d7e165ef8c2e7c116ebae5a6b4751834e5bf72605957cbf2da48c61bcdfbdbb8dbd0e6bca3fe08adff000428d37fe08dbaafc40b9d3be255ff008f878f62b189d2e7454d3bec5f66698e4159a4dfbbcef6c6def9a00fa9fe337fc8dc9ff5eebfcda8a3e337fc8dc9ff005eebfcda8ad1183dceb57529b46f84c6eedcaacf6ba5bcd1961901962246477e40afe6b3f664ff0082f8fed0dff0543fda67c23fb377c57d4fc2779f0d3e316b31784bc491699a22595e4b6370fe5ca22983131b95e8c01c57f4c1e18b28b51f0359413c6b2c335a2c72230caba95c107d8826bc23e1f7fc1233f65ff835e3bd2bc5fe1cf821f0dfc3fe21f0fdd26a161aa5ae951c53d94e872b2abf66079cd666cb63f347fe0a3bff0004f9f873ff0006e37ecdf27ed21fb33db6afa5fc4cb7d4edfc32b37886f8ead67f63bcdfe70f25c28ddfba4c3678c1f5afc6cff828dffc163fe357fc154745f0a587c59bdf0e5dc1e0d9ee6e34dfeccd292c995a758d64de413b86225c0edcd7f619fb407c06f863fb55fc3f3e14f891a07863c69e1b6b98ef0e9baaa47716fe7479d8fb49eabb9b1f535f813ff07707ec2ff06bf650f00fc1097e0ffc37f087836e35bd43574d49fc3f62913dd2c71da98c49b3a8059f19f5340cfc3e2306befdfd943fe0e52fda7bf630fd9dfc2ff0c3c0faa782edfc2be10b77b5d3e3bbd023b89c234b24a77c85b2c7748dce3d2bf46bfe0d5dff0082777c04fda8bfe09f1e24d7be2c7c2bf02f8b7c456be34bab386f75dd3d25b94b716b6acb182fcec0cce40f526bf27bfe0bb3f097c2bf02bfe0ad1f1a3c25e08d0b4af0d785b45d52da2d3f4cd362115ada21b1b67608a3800b33138ee4d007ed7fc6cff836bbf661f107ec41e2ff008d375a578d1bc6d7be05bdf1b4b22ebeeb6c7517d3def0b08f6e0279c49db9c638afc96ff8361bfe5367f073fded4fff004db735e3b7ff00f0567fdabb51f8793f85ee7e357c5297c333e98da54ba7bea537d99ec8c3e5184af4d862f971e95ec1ff0006c54ab07fc16bfe0ebc8ea8aada9e5988007fc4b6e7d6803fa7eff828a7fc132fe17ffc150fe19e85e12f8ab6bae5de8fe1ed53fb5ed174cd45ac9c4fe4c9165980395db2371eb5fcdfff00c1cc9ff04b2f849ff04b8f8bdf0af44f84f65aed9d9f8b346bdbed47fb4f526bd679229d1136960368c31cfaf15fd5edb6ab6b7ae561b9826651921240c40f5e2bc7ff0069cfd84fe067ed6fae693a87c59f877e0af1bea1a3dbc96fa7cdae5a473c96d13b06754ddd016009f7a00fe543f620ff0083867f68ff00f827cfeceba5fc2ff871a8f842dbc2ba3dc5cdcdba5f6849753ef9e56964dd21604fccc71c7038af52d53fe0ee1fdb0f59d32e6cee358f87ed05dc4f0c83fe1188f95652a7f8bd0d79effc1ca7f01bc0dfb35ffc1587c5fe13f873e19d0fc23e15b3d1f499adf4dd220582d63692ca37760abc6598924f726bf733f607ff0082517ecafe3dff00825cfc2cf15ebdf053e16ea5e29d53e1e596a3797f75a644f737372d641da5763c972d924fad007f371ff04c6f80be1dfdab7fe0a1bf08be1ef8c61bab9f0d78dbc4f6ba6ea715ace6de5786572182b8e54fb8afd5aff83853fe0813fb3c7fc1377fe09eedf117e1a699e2cb6f131f1369fa589751d6deee110ccb3971b0a8193b179ed5f8ade02f1a78b3e077c4ad3fc5de14bcd5fc39aff872f05ee9da959868a6b1951be5911b1f2915e8dfb407fc14bfe3ff00ed55f0f4f84fe23fc5cf1cf8d3c36d731de9d3b56d49ee2dfce8c3049369ee37363eb401faedff00063b7fc8f5fb447fd78689ff00a32f6bfa1291f00e33915fcf4ffc18ff00790d978dff0068769a68a15363a260bb85cfef2f7d6a9ffc1d4dff000524f8e9fb29ff00c145340f0ffc2ef8bbe34f06f87aebc17677b258e8daa3416cf3b5cdd2b485578dc555413e8a2803f48ff6afff00836a7f663fdb43f684f157c4ff001b69be369bc55e30b95bad424b3f103dbc3bd624886c8f610a36c6bc73ce7e95f65f89fe06683e2bf8037ff0caf12eff00e117d4bc3d27866644b8659cd9bdb1b76024ea1fcb27e6eb9e6be78ff8217fc71d77e35ffc126fe0b78afc71e28bbf1178ab5bd2679eff0052d4eefcdbbbb617b70819d98e490aaabcf6515ec1fb707c4297c1ff00b17fc5cd6343d6869dad693e0bd62f2c2eed6e1567b5b88ec6678e4439e195d4107d40a00f9a3f637ff83723f66bfd84bf688f0ffc51f0069be33b7f15f86bcefb1bdeebcf7307ef61785f7c7b406f9246fc707b57ca1ff07b336efd82fe12faff00c27dcffe0baeabf1347fc16fff006bb5007fc344fc55e3fea392ff008d7e8a7fc1b81f16b5cff82bb7ed3de3bf06fed4faf5e7c70f08785fc2dfdb5a4695e33b8fed0b4d3efbed7043f688d24e164f2a491323b391401f8883ad7efa7fc106bfe0de6fd9bffe0a13ff0004d5f097c4ff00889a5f8bee3c57abea1a9db5d4b61aebdac0cb05e4914788c290308a33ea726bf566d7fe0897fb1ddeab187f67cf84b305382534689803ef8af75f81df04fe1efeca9f0f2dbc17e01d07c3de0af0d584924f0695a7225b410bcae5dd82762cc493f5a00b7f027e0e68bfb39fc1af0af80bc389751f87fc1fa55be8fa6adcce6798410462340ee7966daa324f5af30ff82a5fed0be25fd94ffe09e3f17be23f83a6b5b6f147837c393ea7a6cb756e2785264c60b21e18727835eb3f11fc4f6f67f0fb5d9ed751822b9834eb892278e750c8c226208e7a82335fc607c51ff82a9fed53f18fc07ad784bc53f197e28f883c35af5bbd96a1a75f6a334b6f790b7de8dd4f041c74a00fd90ff83797fe0be9fb43ff00c148ff00e0a0e7e1d7c4dd4fc2b73e194f0c5feaa63d3b444b498cd13c0a877862703cc6e3bd7ee919001ce476e95fc237c04fda13e257ec89e3a6f16fc3bf137893c0be206b67b13a9e992bdb4fe4c84178f78ecc514e3fd91e95fd017fc1a17fb717c60fdb23c4bf1c93e2a7c48f16f8f63d0adb486d39359bf6b95b2323ddf98537742db173fee8a00fd66f8cdff23727fd7baff36a28f8cdff0023727fd7baff0036a2b4460f73baf0c5e47a7f822c679a48e2861b55924776daa8a172493d8015f9edff00057aff0082a8fece1f14bfe0985f1dbc37e16f8f5f09f5af12eade0ebeb5d3b4ed3fc53692de5dce63c2c7146afb99c9e02819afbf16c25d5be1235a4015a7bbd2de188138059a22073db935fc93fed1bff06d67ed61fb37fc1ff17fc47f16f847c3361e17f08d84fac6a5345e26b39e48ade30598aa2bee638e800c9accd96c7c2c7c73adff00d06355ff00c0b93fc6bf73bfe0c9b66f19fc44fda0d75763aaac1a6e8a621787cf11932de676efce33819c75c0f4afc7efd873f612f88bff000512f8e03e1dfc2fd3b4fd4fc50da7cfa9882f2fe2b28cc30edde77c842e7e75e3afe55fd0d7fc1aff00ff000489f8e1ff0004bef1afc61bcf8bda0e91a3db78bec74b874c6b2d62defcccf04972640c2263b70244e4f5cfb5033e5bff0083a87f613f8eff001dff00e0a0be1ad5be10fc29f895e27f0e41e0bb4b79eefc2fa1dd5c592dc0b9ba2c8cd0295f302b2641e7057b62bf137e307c35f167c1df893aaf86bc75a2eb9e1df16e9522c7a8e9dac5bc905f5b3b22ba89124c32928ca467b115fdeb57f38bff00058fff0083737f6a7fdb2bfe0a65f16be267817c27e1dbef0978af5282e34db8b8f11da5b492c69676f11263770cbf3230c103a7a62803f44fe24ffc1493f655bfff00825cebfe1e83e34fc129bc5737c289f4e8ac63f10d835e3de1d1da3584286dde6f9985dbf7b7718cf15fcab7c15f853e33f8dbf1234ff0d7c3ed07c41e26f166a1bfec5a76896d2dc5f4fb10bbec48c1638456271d81afb8fe23ff00c1adff00b60fc29f877aff008a75af07785adf46f0ce9b73ab5fca9e28b291a3b7822696460a1f248543c0eb5e49ff00043bfdac3c15fb107fc14d7e1cfc4df8897f77a67847c386f8dedcdb59c9772279b653c4988d016397751c0e339a00fd49ff00834bbf631f8f1fb367edadf11f56f8aff0dbe26f83348bef04b5a59de789348bbb3b69a7fb75b37968f32852fb558e073806b91ff83da75abdd13f691f817f63bcbbb52fe1ad4777932b47bbfd2a3eb835faf3fb027fc16cfe007fc14c7e26eb1e10f84bafeb9ac6b7a1696757bb8ef344b8b18d2dc4b1c44879140277c8bc75c64f635f8fbff07bf7fc9c8fc08ffb16b51ffd2a8e803f106f753b8d56e4cd773cd7333000c92b976200c0e4f35f507c09ff00826f7ed57e316f07f88744f833f1b354f0b6a3259ded95f59787efe5b3b8b566465923754da632a7208e31cf4aeb7f632ff837f7f697fdbe7e00697f137e1af867c3daa784f589ee2dada7b9f105ada4acf04ad1480c72306187538c8e473d08afdc8fd93ffe0bf9fb35fec13f017c03fb3ffc48f12f8834ef89bf0af4ab3f067886c6cf40babc82df52b445b79e38e78d4a4aa245601d09561823ad007d65ff000572f82975f10ffe0967f1bf40f09784a4d6bc4dab7832eed74fd3b4ad304f7b75334602c71471a97673d828cfa57f289ff0e6dfdacbfe8dbfe35ffe11f7dffc6ebfb30fda13f685f0cfecbff02bc4df11fc5d3dcdaf85bc23a6beaba8cd6f6ef712c7020058ac6a3731c1e82be6dfd87bfe0bd1fb38ff00c1447e388f877f0bbc47afeade273a7cfa9f9375a0dcd9c42084a072649142e7e75c0ef401fc937c72fd923e357ec696ba74ff0010be1ffc42f8690ebecf1d93eb3a5dce96b7ed1052e10baaef2bbd738e9b87ad797dfead75ac4e24bcb99eee4036879a467603d324f4afe82bfe0f8839f03fecefff005fdadffe8bb2afe7b00cd007d0ff0009bfe09ddfb517c5ef871a4f893c11f083e32f887c29aac465d3750d2342beb8b2ba8c3b29689e352a46e561c7706b4fc53ff04c6fdaebc29e17d4b54d6be097c74b0d1f4db596eafeeaefc3ba8476f6f6e885a4791993684080924f00035fb43ff0476ff838e3f657fd8dff00e09a1f093e1a78e7c5be22b1f16f8534b9adb52b7b7f0e5ddc470c8d773c8009110ab7caea7209ebeb915ea7fb5dff00c1d17fb1ff00c61fd93fe27f84b44f19f8a26d67c4fe13d5749b08e4f0bdec6925c4f672c51a96298505d9464f033cd007f32ff07fe0bf8bbf682f88165e14f03786b5bf17789b520e6d34bd22cdeeeeee762177d91a02cd85562703800d779f1b7f628f8ebfb1d787ad35cf881f0cfe247c37d3354b8fb05bdf6b1a3dd69915d4db4c9e52bbaa866da8cdb476527b57ab7fc10cbf6b5f047ec39ff0535f87bf133e22dfdde99e11f0f2dffdb2e2dace4bb950cb65344988d016397751c0e339afbd3fe0e6aff82d47c01ff829a7eca1e00f0afc25f116b5abeb7e1ff16ff6ade4379a2dc58aa5bfd8ee22dc1e45009df228c0e7927b5007d2bff064d6a775ac7ecc3f1c65bbbab8b9917c5162034d217207d8dbb9cd7cafff0007277ec11fb487c78ff82b678e3c49f0dbe13fc5cf14f856ef4bd2238352d0b43bdb9b199d2c624709244a5095604100f041cd7d47ff000642ff00c9aefc72ff00b1a6c7ff00491abf702803f8c3f87dff0004b1fdb16c7c7ba1cd75f027e3ea5b45a8dbbcacfe1ad476aa8954927e4e8057f6470780b453026747d281da323ec71f1c7d2be1af8a3ff07337ec99f07be36ebbf0f75cf15f8a60f147873589742bdb78fc317922add452985d55c26186f0704704722bec6fda33f686f0cfecadf01bc4ff00123c61717569e16f085836a5a94d6f6cf712c70ae3256351b98f2381401f01ff00c1d23fb2cf8aff00680ff8261af877e187c3fd63c5fe246f18e99726c3c3ba3b5dddf9091dc8790a42a5b62965c9c606e19af9c3fe0cfbfd8d7e2e7ec97e24f8eadf13fe1a78e3e1fa6b56da3ae9efe20d1a7d3d6f4a3ddef1199557795deb9c74dc3d6befbfd86ffe0bc7fb397fc1453e390f877f0b7c47afeade27fecf9f54f26ef41b9b388410940e4c92285ce5d703bd7d91401e59f19bfe46e4ff00af75fe6d451f19bfe46e4ffaf75fe6d45688c1ee77de0d507c23a6e474b74fe42bcd3f6fcfd9aaf7f6c5fd8a7e26fc2cd3353b4d16ff00c79e1fb9d1a0beb989a586d5e54da1d9548240f6af4cf05ffc8a3a6ffd7ba7f215a790ab93599b44fe7bbe16ff00c13135aff83573c54bfb5578dfc55a67c5ad0eda17f099d0743b5934fbb325f636cde6cc5936a792723193b857e8f7fc11bbfe0ba9e1aff82c6f887c7ba7787fe1febde0a3e04b6b2b99a4d435086e85dfda1e650aa11415dbe51273d7757b57fc14ebfe09d5e17ff82a4fecc927c2cf17eb9af787f469356b5d5bed7a418bed1be0df84fde2b2ed3bce78cf02bf23ff006aff000941ff00068058e89af7c0e925f89173f1d1e6b0d5e3f1b61934f4d382491341f65f28e58ddb86dfbb855c62819f6bff00c15c3fe0e33f09ff00c1257f691d33e1c6bdf0cbc4be30bad4f42875c4beb1d520b68d5649668fcb2aea4e41889cff00b42bebcfd803f6bcb2fdbebf63ff00037c60d3344bcf0e58f8ded65ba8b4eba9d679ad425c4b0e19d400d9316ee00e0815f903fb2ffec3de1eff0083affc0373fb43fc67d5758f87be28f0c5e37826df4ef06f96b632dac08b72b2b7da5657f30b5d38386030abc5796fc6dff82f7fc49ff820f7c54d5ff648f871e11f05f8bbc15f05255d2b4bd5fc46b72753bf8e645bc669fc89638f707b9751b1146d51df9a00f7ff008c5ff0752782bf697f15f8aff672b5f849e29d2358f8837779f0de1d627d5ede5b6b29ef1df4e5ba78d503322b481ca83920100d7c27ff000518ff008357bc6dff0004ebfd8efc5bf17f58f8b9e15f11d878496dcc9a6da693710cd73e75c47000aecc40c1901e47406bf47ff679ff0083563e0e7897e207817e3bcbf107e24c7e23d4351d3fc7cf62ad67f635bb7963be308fdceff2839da3e6ddb7be79afd1aff8280fec5ba0ff00c143ff00650f147c22f13eababe89a2f8abece2e2f34c31fdaa2f2678e65d9e62b2f2d180720f04d007e057fc193633fb7dfc55ffb101bff004e1695d57fc1efdff2723f023fec5ad47ff4aa3af49fdaa7f65bd1ff00e0d1ff0007e9df1afe09ea1a97c45f107c49bcff00842afac7c69b1ad2d6d8a35e79b1fd95627f337db22fccc4618f19a83f653f84565ff0779e87abf8f7e385cdd7c38d4be0ccf1f87f4bb7f04ed582fa1bb5370ef3fda84c77ab4600d854609c8279a00f08ff00823b7fc1cf3e0aff008263fec23e1cf845acfc2af14f8ab51d12fefef24d42cf5582de1945c5cbcca02b216180d8393d457a91ff008363fc6bff00052bf8909fb50e8bf14bc2fe17d1be32ea0be3fb3d0af74b9ee2eb4c86f64174b6d2488c15dd15f6965001238e2bf33bfe0b5bfb02f863fe09a5fb7ff88fe12f84757d6f5bd1745d3b4fbb8eef56319b977b8b6495c1f2d557019b038e9eb5f607ec81ff000769fc6bf803f08fe1bfc2ad27e1dfc33bad23c2b6161e1db6bbb94bd371345104843bed982ef2a327000cf6a00fe88bf6f7fd98750fdb03f623f893f0a74dd52d345d43c73e1d9f4582fee626921b679102876553b881edcd7e2afc2bff008268eb3ff06a8f8a7fe1a9fc71e27d33e2e688617f077f616856cfa75d79b7d8759fcd98b2ed5fb3904632770f4afda2ff0082867ed31ad7ec8bfb087c4ff8a5a0d9e9da86b7e08f0d5c6b3676b7eae6d669634042b846562bd7a107debf987ff829c7fc1c87f153fe0a99fb31b7c2df18f823c05a0e92757b6d5c5de90b742e44900902a7ef2565da7cc39e33c0a00d3ff82fa7fc1743c31ff058bf0dfc33b2f0ff008075ef0549e03b8bf9a77d47508ae85d0b958028508a3057c939cfa8a8ff00e0923ff06e2f8b7fe0acff00b34ea1f12b41f89de1bf085ae9fae4fa1b58dfe993dc4acd1450c9e66e4603044a063afca69dff0006f1ff00c118bc03ff00057dd7fe29d9f8e7c4de2df0e0f02dbe9d359b68860067370d701fccf3637e9e52e318ea6bfa3cff00825a7fc1323c27ff0004a0fd9eb51f873e0cd7bc45e22d2f51d6a6d6dee7593099d249238a3283ca455da044b8e33c9a00fc64ff008820be24ff00d176f03ffe08eebff8ba3fe2082f893ff45dbc0fff00823baffe2ebd4bfe0a9fff0007547c68fd84ff006fef89df093c39e02f86dab68de0bd423b4b2bcd423bc3732abdb432e64d932a93ba43d00e00afd84f88bfb41eade0efd8475df8a705a5849ae697e029fc571da386fb2bdc47a79ba119c1dde5ef18eb9c77cd007e14ff00c4105f127fe8bb781fff0004775ffc5d7c8fff000585ff00837bfc55ff000482f81fe18f1b7883e24787bc670789f5dfec38ed34fd366b6785becf2cde61676208c44463afcc2be8b1ff0007affed0000cfc2ff84a4ffd73bfff00e48af52fd95bf69dd63fe0ee3f176a3f063e36d869df0eb41f86767ff09ad85f782c3adddd5cef5b3f2a5fb51953cbd972edf2a83951ce38a00f51ff0083217fe4d77e397fd8d363ff00a48d5fb815fcfa7ed57f1a750ff8343f5fd2be1d7c10b5b4f88fa5fc61b76f126a773e350cd716535b37d992387eca615d854e4ee0c73d081c57940ff83d7fe3f8233f0bbe129f6d97ff00fc7e803f3f3fe0a75ada7867fe0ad5f1b35178da58f4ff00895a9dcb229c17097eec403d89c57e9d7fc140bfe0edbf007ed99fb137c4bf851a77c1ef1868979e3ad066d22defee358b6962b567c61dd55012063a0afc65fda53e38ea1fb4dfed03e34f889ab5a59d86a7e37d66eb5bbbb6b40de4412cf2b48c89b893b416c0c926b88eb401f5f7fc112bfe0a57a2ff00c129ff006d193e29ebbe17d53c5d64de1ebcd1858d85d476f2879de160fb9c1181e510475e47a57f49ff00f046cff82e5f873fe0b1baaf8f6d7c3de00d7bc15ff081c5652ccfa86a10dd0bbfb4b4c00508a0aedf24939ebb857f1e4462bf7bbfe0c77217c4dfb4413c7fa2e87ffa1ded007eddfc66ff0091b93febdd7f9b5147c66ff91b93febdd7f9b515a2307b9dff0082ff00e451d37febdd3f90af11ff0082ac7c66f137ecefff0004dcf8d3e39f06ea8fa2f8abc2be13bdd474bbf586398dacf1c79470922b2360f66523dabdbbc17ff228e9bff5ee9fc857cd5ff05c2ff9441fed15ff00622ea3ff00a28d41ac4fe69ffe227dfdb7ff00e8b4c9ff0084d693ff00c8b5e13fb6ff00fc154be3b7fc146f4bf0ed9fc63f1c378bedbc292cf3696874bb3b3fb33cc1048736f1465b2234fbd9c638afa97fe0d48f84be14f8d7ff00055b8342f197863c39e2ed164f08ea933586b7a641a85a9914c3b5fcb9959770c9c1c6464fa9afe92bc6dfb157eca7f0d56d9bc45f097f67ad096f0b080ea3e17d1ad04e571b82f9910dd8c8ce3a645228fe4aff00633ff82cafed1dff0004fdf85d77e0cf849f10dbc29e1bbed41f549ad068f6377bee1d1119f7cf0bb8cac68300e38e95e2dfb47fed19e31fdad7e36f883e22f8ff0056feddf1878a264b8d4aff00ecd15b7da1d634894f9712aa2e111461540e2bf4abfe0e8dfd9c741bff00dbdfc31ff0a33c01a2cbe134f065a8b83e03d0a23a77da8dd5d6ede6ca3f2ccbb766777cdb76f6c57e567887c35a8784359b8d3756b0bdd2f51b53b66b5bb81a09a124670c8c0303820f23b8a00fb7fc33ff00072d7eda5e0ef0ce9ba3e9bf18dedb4ed22d22b1b584786f492228a24088b936c49c2a8192493d4f35f657fc108ffe0bbbfb54fed91ff0549f867f0f3e22fc5193c41e0fd79afbedf61fd87a75b0b8f2ec67953e78a057187453c30e95fa49f127e08feca30ffc12e7c417d07843f6744f172fc28b8b88a78b49d145f8bdfec7660eac137f9be67208e735f827ff0006d3f88f4ef097fc1673e116a1ab6a161a5585b9d48cb73797090431e74eb9032ee428c92075ea71401fadff00f07b3103f606f85232327c7c3ff4dd775f85dfb11ffc1597e3effc13a3c2faf68df077c747c23a7789aea2bdd4621a4d95e1b896346446dd3c2ecb856230a403dc715fd83fc5cf157ecfbf1ff46b5d3bc75a8fc1af1a69f653fda6ded75eb8d335286097695f311262caafb5986e03382477ac0f057ec4dfb2afc4a86e24f0efc24fd9f35d8ed1824efa7785b47bb58588c80c6388ed247201a00fe353f6b4fdaf3e20fedc7f1aafbe21fc4fd7bfe124f17ea56f05b5c5f7d8e0b4f32386311c63cb8511061140c85c9ea726b90f86842fc47f0f927006a56dff00a356bf45bfe0e5afd90af7c2bff0569f1a69ff000dbe16dd699e14b7d234836f6fe19f0cb5be9c8e6ca32e556de211e4b13923be73d2bf7aff00e0983fb007c15d5bfe09d3f03b56f137c11f858fe227f04e9371a85d6a9e0ab017a6e05ac65a499a4877f99b864b37cd9e4f3401f567c65f81be18fda5fe06eb9e02f19e9c757f0a78b74c6d3354b217125b9b982450197cc8d95d723bab023d6bf0effe0e4cff00822bfecd3fb047fc1371bc75f0abe1bc7e18f151f1569da78bff00ed9d42ec882449cc881269dd3e62abcedcf1c115fb7517ed41f0d234c0f885e04c76035fb4e07fdfcafcc6ff0083b7fe34783fe20ffc1251acb42f16786759bc5f1a6952182c35582e650a12e7276a3138fc2803f9f4fd87ff00e0a69f1b3fe09c779e239fe0e78c8f8465f1647047aa30d36d2f7ed2b097318ff488a4db8323fddc673cd7d03ff113efedbfff0045a64ffc26b49ffe45afa8bfe0d06f017c1df1d789be3aa7c5cd13e186b16d6d69a3369c3c616561722262f79bfc9fb529c6405ddb3ae173dabf6e3fe19f7f62d03fe448fd973ff04da0ff00f11401fc707ed1dfb4578c3f6b3f8d9e20f889e3ed5bfb77c61e289d6e753befb3456ff68758d6307cb895517088a30aa0715f757ecabff05e4fdaafe3ff00c5ff0086ff0006fc55f13df54f875e33d5b4cf05eafa40d0b4e845e695732c56735bf9b1c0b2aee81d937ab0719c86cf35fd327867f601fd99fc5da35b6a9a47c15f813a9e9f7237c17567e0fd2678660091957484a9e411c1ea2bf8b8f8dfa84de06fda7bc5f75a1cb268b73a3f8a2f65d3e4d3dbecad60d1ddb98cc263c7965081b76e36e06318a00feb0bfe217ffd87c74f82ca07fd8cdab9ff00dbaaf8b3fe0b75f02bc2dff06eefc04f097c4cfd8ff4cff854be36f1cebfff0008c6b5a8acf26b1f6dd3becf2dcf93e5dfb4f1a7efa08db72286f9719c1c57c29ff06f0fedf1f14fc69ff0573f85f65f113e36fc41d4fc2ae3527bd83c45e33bc934e908d3ee0af9ab3cde5b7cd820303f3631ce2bef7ff83cd3e2df853e227ec2bf0aadfc3fe27f0eebb3dbf8ef7c9169fa9c175222ff0067dd0dc5518903240cf4c91ea2803f0dff006ddff828e7c63ff828c789b41d63e3178b8f8b751f0cda4963a74dfd9d6b646089df7b2e2de38c365b9cb027b74afdb5ff00837a7fe0873fb2ff00edc1ff0004b8f077c42f89df0cd3c49e30d4f53d52deeb50fedbd46d4ca90de4b1c636433a20da8a070a338e726bf9daafeac3fe0d63f8dfe0bf027fc119fc03a7eb7e2ff0b6917cbabeb2cd6d7bab5bdbcc80ea13104a3b86191c8c8e841ef401dd78f3fe0d95fd89b41f036b57b6df06116e6cec279a227c49ab1daeb1b1538373cf2057f341ff00049af823e16fda3ffe0a61f06bc07e33d2935bf0978a7c516fa7ea760d3cb0add40c4e537c6caeb9c0e5581f7afa47f6e0f8f3fb4fcfff000529f8a11f877c6df1fa6f014bf102fd2c869dad6b0fa4bd835f3604451cc46dcc678dbf26dc638afdc0ff0082a07c2bfd9e7e1f7fc13dbe2deb7f07bc39f05b44f8a9a578727b8f0d5ff8374fd2edbc41677c00d9259c96aa2e1261ce0c4430e71401d27fc42fff00b107fd1174ff00c29b57ff00e4aaf78fd883fe0965f02ffe09c779e22b8f839e0a1e1097c569047aa30d52f2f7ed2b097318ff0048964db8323fddc673cd7f252dfb417eda40ff00c8effb50ff00e0e75dff00e2ebf66bfe0d08f887f1abc75e29f8e83e2e6bbf15759fb35a68ff00d9a3c617ba85c24597bbdfe48ba62a09c2eedbce02e7b5007eb6fc66ff0091b93febdd7f9b5147c66ff91b93febdd7f9b515a2307b9dff0082ff00e451d37febdd3f90af0bff0082b4fc27f11fc76ff8267fc6ef07784749b9d77c4fe24f08ded8699a7db9512de4ef190b1aee20649f522bda748d51343f8736f7b28768acec7cf70832c55537103df02bf2ba7ff83cc3f658825789fc33f19372128c3fb16cbb1c7fcfdd666cb63e4aff008366ff00e0923fb477ec5fff000538b6f19fc50f851e20f07f85c785f52b23a8ddcb6ef109a4f27627eee46396c1c71dabea3ff83b47fe09f9f18bf6f2f05fc12b6f845e00d57c7375e1bbdd5a4d4858bc286cd258ed447b8c8ebc318dba67eed5ff00f88ccff6550723c33f1901ff00b02d97ff0025d07fe0f34fd955b19f0cfc6438ff00a82d97ff0025d033d1ff00e0d69fd8e3e277ec43fb01789bc27f157c1fa9782bc4179e33bad461b2bd7899e581ed6d5165063661826361d73f2d7e56ff00c170ff00e08aff00b53fed39ff000558f8c9e3af037c1bf137893c27e20d52de5d3b52827b558aee35b1b78c950f286c06461c81d2bf4307fc1e6bfb2b28e3c33f1907fdc16cbff92e93fe2334fd95739ff8467e3264ff00d416cbff0092e803f11ffe21defdb4ff00e88078bbff00026cbff8f571bf1fff00e08c1fb507ecb3f09756f1dfc40f83de23f0c784b4211b5fea5733dab456c2491634c84959b97751c0ef5fd05fc26ff83baff665f8cdf157c31e0fd27c37f16d354f15ead69a359b5c68f66912cd71324285c8ba2428671920138cf06bd53fe0e7652bff00044cf8c79feee99ffa72b6a00fe55ff64cfd87fe2b7edd5e31d4fc3ff097c17a9f8db59d1ecbfb46f2d6ca4891e0b7deb1f987cc7518deea3839e6bfa3aff834dff60bf8b9fb087c11f8c3a67c5cf026a9e07d47c41aed85ce9f15f3c2cd771476f22b3298ddb8566039f5afc77ff83753fe0a99f0e7fe0943fb4ff8dfc65f126c3c53a8697e22f0b9d1ad5342b48ae66598ddc1365c492c602ed8db9049ce38afe933fe096fff00056ff869ff000568f07f8b75cf86ba678bb4db2f075ec1617a35eb486dde59268da453188e593200539ce0d007d518c5617c4f50df0d3c4408c83a65c820f7fdd356e3825783835f95ff00b59ffc1d63fb38fc09f895f113e176b9e1ff008acfe20f0bdddff87aee5b5d26d1ed5ee222f0b3231b90c5370e095071da803f97ff00857f073c49f1fbe2fe91e09f06e9336b7e27f125f8d3f4bd3a06447ba99c90a8a588519f72057d4dff0010ef7eda7ff46ffe2eff00c09b3ffe3d5e45ff0004e0fda43c3ffb277fc1403e157c4ff13c3a9cde1cf05f89edb58bf8ec22596e9a18df7308d199559b1d8b01ef5fd0affc4669fb2aff00d0b1f18fff0004b65ffc97401fcf27ed75ff0004dff8dffb065868775f17be1e6b1e06b7f12c9345a63df49038bb68821902f96edf744899ce3ef0ad9fd95ffe093ffb447edb7f0e26f177c2bf85baf78cfc376f7afa7497d6735ba469708a8cd1e24914e42c887a63e615f66ffc1c85ff0005acf84bff00056cf0c7c28b4f867a678d74e9bc1175a94d7ffdbd6305b2badc2db84f2fcb9a4c9cc4d9ce3b75afd33ff8333177ff00c12cbc4e3fea7ebeff00d24b3a00fb23fe087bf033c57fb34ffc12a3e0df81bc71a15cf86bc57e1ed2e78752d32e0a196d246bdb89006d84ae4abab704fdeafe39ff00699ff9390f883ff632ea3ffa55257f541fb617fc1d13fb3d7ec3ff00b4ef8b7e13f8c741f8a13f887c17789677d369ba55acd68ecd1472831b35cab11b641d54720d7f299f18fc5b6be3ef8b9e29d76c9664b3d6b58bbbf8165016411cb33ba8600900e186704f3401a5fb3bfece3e37fdac7e2d699e04f877e1ebcf14f8b75812b59e9b6ac8b2ce238da47c17655e1158f27b57d37ff10ef7eda7ff004403c5dff81365ff00c7abb1ff00835e7fe5365f08bfddd53ff4db735fd2ff00fc14effe0a9ff0ebfe093df0abc3de30f893a778ab51d2bc4babff00635aa6876915c4c9379324d97124b180bb636e41273da803f96fff008877bf6d3ffa201e2eff00c09b2ffe3d5f35fed29fb3078f7f63ef8b179e06f895e1abdf0978b34f861b8b8d36ede379624950491b128ccbf32907af7afec63fe097bff0569f86dff0569f0478abc41f0d74cf16e9b63e10d421d3af06bb670dbbcb2491f980a08e5932b8041c9073dabf9ceff83b1c63fe0b5fe3ff00fb03689ffa6f86803f62ff00613ff82ddfeca9e06ff8269fc2df87fa9fc68f0d5978c74ef00586873e98d0dd79b0de2d92c5e41222dbb83fcbd71ef5f961ff00048dff008220fed59f003fe0a75f053c6be30f82be26d0bc2be1cf155b5f6a3a84f35a98ace052c4bb0594b607b0cd52fd937fe0d4bfda43e367c3df875f14345f107c2a5f0ff89ad74ff115ac573abdda5cadbca1260aea2d4a870a790188cf7afea96184242808195503f4a00f3afda8ff006bef86ff00b14fc325f197c52f1558f837c32f7b169cb7f78923c66e240c523c46acd9211cf4c7ca6b99fd91bfe0a3ff00043f6f3bcd72dfe117c42d23c73378692193534b28a64368b3171196f3117ef18df18cfdd35e21ff0005f8ff00827578ebfe0a75fb072fc32f87777e1db1d7c789ac757326b57325bdb7930a4cae37471c8dbb322e06dc1e7915e15ff06dff00fc115be2cffc124f5af8b13fc4cd4bc17a8c5e37834d8ec3fb06fa6b9286ddae0c9e67990c78ff005ab8c67bf4a00fd00f8cdff23727fd7baff36a28f8cdff0023727fd7baff0036a2b4460f73a7bfff00922377ff0060697ff449afe243f62efd99e3fdb2ff006dbf017c2a9b5a7f0ec7e3ef11c3a2b6a69682edacbcd936f98222e9bf1e9b97eb5fdb7dff00fc911bbffb034bff00a24d7f1c3ff0455ff94c97ecff00ff0063fd8ffe8faccd96c7eabffc40dba767fe4e66f7ff000805ff00e5851ff1036e9bff0047337bff008402ff00f2c2bf453fe0e02fdbf3c7dff04d4fd8066f89bf0dd7416f11c7e23b0d331abd935ddb986612eff915d0eeca2e0e78e78e6bf0e7fe2318fdaebfe7d3e127fe13937ff24d033eb2ff00881b74dffa399bdffc2017ff009614a3fe0c6dd37233fb4c5e9ffb90147fee42be4cff0088c63f6baff9f4f849ff0084e4dffc935fd08ffc120bf6a5f14fedb3ff0004e2f859f153c6dfd963c53e31d3ee2e6fc69d6c6ded8325e4f12ec42cc546c8d73f31c9c9e338a00fe453f659f03afc31ff0082a3fc38f0d25d35f2787be29e99a62dcb47e51b810eaf147bcae4edddb738c9c67193d6bfa83ff839effe509bf18bfddd33ff004e56d5fcccfc2aff0094ca786ffecb3daffe9f16bfa66ff839effe509bf18bfddd33ff004e56d401fc7fd7e8affc1133fe0bf971ff00046cf86be3bf0f41f0aa0f8867c6ba9db6a26e5fc4874bfb1f9313c7b360b69b7e77039cae318c1ce433fe0dbfff00825ffc32ff0082a8fed49e39f06fc507f12c7a5787fc2c758b46d16fd2d25f3c5dc117cccd1b82bb646e3039c57ec8ff00c41c7fb227fcfdfc5bff00c28a0ffe46a00f9347fc1f2ba8e7fe4d9ecbff000be6ff00e57d6a5aff00c1ad167ff0553b74fda527f8df73e069be3b28f1cbf87a3f088d4974437ffe926d45c9bc8bce11f99b7ccf2d37633b474afa7bfe20e4fd9147fcbdfc5aff00c28e0ffe46afce1f8f7ff071ff00ed0fff0004d9f8d7e2afd9fbe1cdbfc3e93c03f06354b8f077879b57d1a5babf6b0b290c1079f2acc82497cb45dcc11431c9da338a00eb7f6e7ff8341f4ffd8cbf63df88ff001557e3fde7889fc03a15c6b2ba61f052da8be312e44665fb73ec07a6edad8f435f89b5fa3ffb4c7fc1d29fb4d7ed5ffb3f78c3e1af8aad7e190f0ef8df4b9749d45acb41961b8586418631b99d82b63a120e3d2bf382800c57f511ff000665b6cff8259f8a0fa78fafbff492cebf2f3fe0da7ff8242fc24ff82b0f887e2dd9fc5493c5b1a782edb4c9b4d6d13524b3399dae449bf744fbbfd5263a639eb9e3fa36ff008274ff00c1363e1dff00c12ffe085f7c3ff8692f88a5d0750d5a5d6653ad5eaddce279238e3601951005db12f18eb9e79a00fcf5ff008286ff00c1a5d67fb7dfeda7e3ef8c13fc79baf0bbf8e6fa3bc3a4a78356f05904b78a1d9e77db537e7cbdd9d8bf7b18e327f9abf8a3e0d5f875f12fc45e1f4b96bc4d0b53b9d396e0c7e599c432b47bcae4edcedce32719ea6bf723fe0addff000737fed29fb10ffc1477e29fc2cf075bfc3797c31e0ed4e1b6d3cea3a1cb35c98dad619487759d771dd2373815edbf1eff00e0d87fd9a6f3f62bf1a7c69967f892de2f9fc157de35751aec42d3eded62f78408fecf9f2fcd3f777676f19ef401f95fff0006bcff00ca6cbe117fbbaa7fe9b6e6bfa2bff82d4ffc122e1ff82c57c0bf09f8267f1fcbf0f53c2dafff006d8bc8f451aa9baff47961f2b619e1dbfeb776edc7eee31ce47f255fb117ed99e2ff00d803f694d03e2af8123d1e4f14786c4e2d1754b56b9b53e742f0bee40ca4fc923630c30715f7ff00fc4631fb5d7fcfa7c24ffc2726ff00e49a00fdc6ff008226ff00c11be2ff0082377c33f1c786e0f8892fc434f1a6ab6fa97da1f421a51b2f2a131ecda2e26df9ce776571d307ad7e037fc1d91ff29aff00881ff606d13ff4df0d767ff118bfed75ff003ebf097ff09c9bff00926be0bfdbcbf6e5f1affc145bf692d57e2a7c418f448bc4fac5b5b5adc2e936ad6d6bb2de1585308cee41daa33f375f4e9401fab9fb14ff00c1e057ff0000fe057c2ff84d0fecfd67aa2f8574ad3bc34ba9b78d5a1375e52241e718bec2db738ddb771c74c9afe8ee293cc8958e01600e33d2bf810d07599bc3badd9ea16fb3cfb19d2e23de32bb91830c8ee32057ea6ffc462ffb5cf6b4f84807603c39371ff933401fbe5ff0596ff829adc7fc1277f6404f8a96fe0c87c76cdaf5a68a74c93553a68027499bccf34432e48f280dbb79ddd4639f21ff008218ff00c176af3fe0b2babfc46b6b8f8616ff000f13c050d84aaf1f880eaa6f4dcb4e0820db43b36f93ead9dddb15f9b3ff0004ff00ff008282f8f7fe0e66f8f2dfb35fed209a15b7c3a4d366f1707f085a3697a8fdb6cd91221e6c8f32f9656e24dcbb324edc118e7f607fe099dff0461f83ff00f049fd47c5f73f0b27f184b278d63b58f511adea4978a05b990c7e58589369fdeb6739cf1d31401ec5f19bfe46e4ff00af75fe6d451f19bfe46e4ffaf75fe6d45688c1ee74f7ff00f2446eff00ec0d2ffe8935fc70ff00c1157fe5325fb3ff00fd8ff63ffa3ebfb1ebff00f922377ff60697ff00449afe387fe08abff2992fd9ff00fec7fb1ffd1f599b2d8fe803fe0f04ff00943cdd7fd8e5a4ff00ed7afe536bfad8ff0083aa3e09f8cff680ff0082555c787bc07e12f1378d75e6f16e9738d3742d326d46ecc6be76e93ca8559f6ae465b181919afe697fe1d49fb507fd1ba7c71ffc21b53ffe3340cf01afec8bfe0dc8ff0094287c02ff00b035d7fe9c2eabf95bff0087527ed41ff46e9f1c7ff086d4ff00f8cd7f57bff040af875e21f847ff000483f823e1bf15e83acf863c43a5e93731dee97ab5949657b66c6fee582c90c815d0956538600e083de803f95ef855ff002994f0dffd967b5ffd3e2d7f4cdff073dffca137e317fbba67fe9cadabf999f855ff002994f0dffd967b5ffd3e2d7f4cdff073dffca137e317fbba67fe9cada803f26ffe0c9aff0093fcf8a9ff00620b7fe9c2d2be8fff0083b5bfe0a1bf1bff00624f8f1f07b4ff00853f12fc4fe05b2d7740beb8bfb7d2e711c775225ca2abb020e4852467d2be70ff008326bfe4ff003e2a7fd882dffa70b4af6eff0083c3bf643f8b1fb4cfed05f05aefe1cfc32f881e3db4d33c3da845793f87bc3f77a9c768ed73195491a18d82311c80d8245007e588ff0082f57ed90573ff000d09f1171ebf6b4ffe22bfa29fd84bfe0937fb377ed6dfb17fc2cf8a1f12fe107837c63f10be20785ec35ff11ebba95bb3de6b17f7102c93dcca43005de46663800649e057917fc1bfdf157e0e7ec5dff04c8f097c3ffda07c41f0dfe15fc4cd3353d527bdf0e78faeecf45d72d219aee4920925b6bc2932a49195646650194820915f8e9ff050afd93bf691f8a9fb6e7c5ef177c38f873f1a7c41f0e35bf14ea5a9787f58f0ee87a95ce8b7da73ceef0cf6b3428617b731e0abc64a6dc60e2803f6d7fe0ae1ff00046afd96be07ff00c132be38f8bbc25f043c07a27897c3de10bdbdd3750b5b671359cca9f2c8877f0c0f22bf94e552c700135bba8fc4df13ea36935a5df8875e9e0994c72c335fcac8e3bab296c11ec6bf4abfe0d08d0ecbc43ff057036da859da5fdb3782755262b885654243db73860466803e14fd967f6ecf8c5fb115c6b52fc26f1f788bc0727889214d49b4b94466f04458c61b20fdd2ef8ff78d7f4d9ff06b07ed61f127f6c6ff00827af887c51f143c65ad78dfc436fe35bbb08af75390492c502dadab2c60803e50cee7eac6bed2f8e5f12fe01fecc91e9aff001235bf84be014d65a45b06f115cd86982f4c7b4b88ccc57795dcb9c671b87ad747fb3e7c60f863f19fc173ea9f0afc49e08f14787a1bb6b79aebc2d7d6d7966970154b233db9281c29524139c11401e4df197fe08e9fb317ed0df13f58f1a78dbe0b782bc49e29f104cb3ea3a95e5bbb4f76e11503310c0676a28e076afe5a3f68eff82c67ed3f69e2ef1efc3f8fe35f8dd3c191de6a1e1d4d205ca7d9974f0f25b8b6036e76795f263d2bfac9f881ff000516fd9ffe1378e350f0c78a7e37fc24f0d788f4994417da66abe2eb0b3bbb390a860b24524a190ed6538603820d7f1eff00002f2cfc47ff000572f05dc5bc96ba869f7ff176ca48e442b2c37313eb2841079565653ee083401e8dff0006f7fc03f06fed2dff000564f867e0af883e1bd37c57e15d61751179a66a119782e0a584f2212011f75d5587b815fd33ff00c385bf638eff00b3d7c3b5cfada38ffd9ebe85f1fea9f0cff670f0c5c78c7c4f37823c0da3e9657cfd6b5236da6dbda17608374efb5577160bc919271debf237fe0e73f8c565ff000501fd94be1f7877f662f14dbfc66f16687e2dfed1d574cf869a90d7f50b0b2fb1cf1fda278ac5a492387cc78d77b80bb9946726803e1fff0083b4bf629f851fb16fed03f0874af84fe03d03c0da7eb5e1dbcbabe874a84a2ddcab74155df24e485c81f5afb8bfe0dc0ff8251fece3fb567fc127bc13e33f88df083c19e2cf155f6a9ab4171a9ea16ecd713a477d2a4618861f754051ec056e7fc1a5bfb2ff008ffe1dfecfdf17adfe367c3cf1768baa5c788acdf4d4f1ae877104f2c22d486308ba40c503632578cfbd7e627fc1d31e27d4fe1e7fc164bc77a5e81a8dfe87a643a468cd1da69f70f6d0216b084b108842824924e0724d007f415ff0e15fd8dffe8df3e1cffe02bfff001747fc3857f637ff00a37cf873ff0080afff00c5d7f1d367f14fc65a85dc505bf88fc4d3cf3b88e38e3d427679189c05003649278c57b2f8e3f63bfdacbe19783f52f10f88fe19fed01a0681a340d757fa96a3a16ad6d69650af592495d02220c8f98902803faeff00d9b3fe096ffb3cfec87f13078bbe197c27f08f833c4c2d25b1fed0d361649bc890a174e588c128bdbb57d055fcb6ff00c1a0fe3ad73c4fff00057178352d6756d4214f046aaeb1dcddc92a03e6daf3862466bfa92a00f2cf8cdff23727fd7baff36a28f8cdff0023727fd7baff0036a2b4460f73a7bfff00922377ff0060697ff449afe2d7fe0993f1bfc33fb35ffc14c3e11f8fbc67a8b691e14f0978c6d753d56f56de5b836d6f1cb977f2e25691f03b2a93e80d7f6a76ba6b6b7f0b16c63758e4bdd38dbab30c852d19504fb735fced5d7fc1933f18eeeea494fc66f8640cae5f02cafb8c9cff0072b3365b1fa69ff11537ec3d927fe16dea593ff527eb3ffc8d4bff0011537ec3dff457353ffc23f59ffe46afcc6ff88247e31ffd166f867ff8057dff00c451ff001048fc63ff00a2cdf0cfff0000afbff88a067e9cff00c454dfb0f7fd15cd4fff0008fd67ff0091a963ff0083a93f61d69573f173515c900b1f07eb3803d7fe3d6bf317fe2091f8c7ff00459be19ffe015f7ff1147fc4123f18ff00e8b37c33ff00c02beffe22803f367f67df14d8f8e7fe0ad3e08d6f4c98dc69bac7c5cb0beb494a1432c32eb31ba36d6e465581c1e457f56fff0005d4fd96bc73fb697fc1307e24fc36f871a3c7af78c3c422c45858bde436626f2ef6095ff7b33246b84463cb0ce31d6bf28bf66eff0083387e2dfc10fda27c03e34bbf8bbf0e6f6d3c21e24d3b5a9ede1b3bd124f1db5d4733229298dc421033c64f6afe85d1f783f5a00fe753fe08d7fb3ef8b3fe0dbbf8ebe29f8a9fb6069a9f0c7c0fe38d04f85745d42d6e62d7daef5137115c884c3a7b4f2a0f26de56deea13e503764807f4607fc1d4bfb0f01c7c5bd487fdc9facfff00235749ff0005f7ff00824e78a7fe0aebfb38f833c13e15f15787fc2777e1af120d6e7b8d5a29a48e68fecb343b144409dd9941e78c035f947ff10487c63ffa2cff000cff00f00afbff0088a00c9ff82a77fc137fe307fc176bf6c9d77f68ff00d983c316ff00107e1078a6cacb4fd375a9f55b4d1a4b89ecedd6dae50db5ec90cebb258d972d180d8ca920e6bf797f61ff0081fe27f837ff0004d5f86df0f7c4560961e2ef0f780ed344beb25b98e6582ee3b311347e62128c038c6e5257df15c7ff00c1183f605d7bfe0997fb057877e1178975dd23c49aae8da86a176f7da647225bc8b7172f32802401b2030078c67a67ad7d5b401fc8bdd7fc1ab9fb714f73238f847a700ec5bfe470d1bb9ffafaafbc7fe0dc5ff821e7ed33ff0004f7ff00828d0f1ffc56f005a7877c287c2da8e9bf6d8fc43a75f11712bc0634f2e09de4e76373b7031c91c67f7de8a00fc15ff83e1c7fc50dfb3bff00d7f6b9ff00a2ecab88ff00836a3fe0b5dfb377fc13bbf609d73c11f16bc7777e1bf135ef8beeb558ad22d0350be0d6cf6f6c8afe65bc2e9cb46e304e463a722bf413fe0e09ff00822e78c7fe0b11a1fc30b3f0978c7c33e12ff8412e35196e9b5786793ed3f685b70a13ca538c792739fef0c57e681ff83247e3101cfc67f867ff008057dffc4500707ff0504ff823c7ed05ff000577fdb2bc79fb477c02f055b78cbe0ffc52be8f51f0ceb53eb761a5bea30470456cee6daee68a78f12c32ae248d49db9c6082707f63eff83667f6cef84bfb5a7c2df156bbf0b34fb4d13c33e2ed2b55d4271e2cd224305bc17914b2bed5b92cd8456385049c60026bfa28ff00825bfec8fabfec1ffb02fc36f847aeeada6eb9abf826c25b4b9beb0474b6b82f7334c0a0701b00480720720d7bf5007c81ff0005defd953c75fb6bff00c12fbe227c37f86da347aff8c75f6b03636325ec166b37957b04affbc999235c2231e5867181cd7c07ff0006c0ff00c11bff00686ff826efed6df107c4ff00187c116be18d0f5ef087f65d95cc5aed85f996e7edb6f2ecd96f33b2fc91b1dc401c019c9afdbba2801be582475e39eb5fc94ffc1d91ff0029aff881ff00606d13ff004df0d7f5aec76a93e95f8b5ff0597ff83637e24ffc14d3f6f9f137c5df0efc49f03f86f49d72c74fb586c751b6ba7b98cdbdac70b1631a95c1642460f43ed401f94dfb3eff00c1ba9fb5c78efc23e0cf89ba4fc36d3aefc19aa4167e23b6beff0084ab4a42f62c12712796d701c1f2f92a46e1d319e2bf65ff006dcff82db7ecddff000536fd913e207ecf9f05fc777be2cf8b1f15f4597c3be17d1a5d0350d39752be970122371730c70459c1f9a57551dc8afd05fd977f676d4be047ec2fe09f8517fa8d8df6ade18f075b786e7beb74716d34d1da884c8a1be6d848ce0f38afc7cff827a7fc1a61f153f635fdb8be18fc56d5be2a7c3ed634df03ebf0eaf7765676b78b3dc2264948cb205dc73dc814014bfe0dc0ff00821efed2ff00f04f7ff828d378fbe2bf806d3c3be147f0a6a1a6fdb62f10e9d7c45c4b25b98d3cb827793908dcedc0c724719fdf3a446deb9a5a00f2cf8cdff23727fd7baff36a293e337fc8da9ff5eebfcda8ad1183dcd8d33c5d7ba369d05aa0b475b78c4619a36c9038fef54fff000b0750fee597fdfb6ffe2a8a2b329362ff00c2c2d43fb965ff007edbff008aa3fe1616a1fdcb2ffbf6dffc55145055d87fc2c2d43fb965ff007edbff008aa3fe1616a1fdcb2ffbf6dffc55145017627fc2c1d43fb965ff007edbff008aa3fe160ea03f82cbfefdb7ff0015451405d87fc2c1d43fb965ff007edbff008aa5ff008585a87f72cbfefdb7ff0015451405d89ff0b0750fee597fdfb6ff00e2a97fe1616a1fdcb2ff00bf6dff00c5514501761ff0b0b50fee597fdfb6ff00e2a8ff008585a87f72cbfefdb7ff0015451405d89ff0b0750fee597fdfb6ff00e2a8ff008583a87f72cbfefdb7ff0015451405d87fc2c1d43fb965ff007edbff008aa5ff008585a87f72cbfefdb7ff0015451405d87fc2c2d43fb965ff007edbff008aa3fe1616a1fdcb2ffbf6dffc55145017627fc2c1d43fb965ff007edbff008aa3fe160ea1fdcb2ffbf6dffc5514501761ff000b0750fee597fdfb6ffe2a8ff8583a87f72cbfefdb7ff15451405d87fc2c1d43fb965ff7edbff8aa0fc41d408fb965ff007edbff008aa28a02ece7fc5163378bb515ba9a586271188f0911230093ddbde8a28a2e64d6a7ffd9, 5, 3, 1, 1, '2013-07-04 21:45:58', 2);
INSERT INTO `local` (`idLocal`, `Nombre_Local`, `URLQR`, `ImgQR`, `idTipo`, `idDireccion`, `idEmpresa`, `Estado`, `Fecha`, `idUsuariosAudit`) VALUES
(8, 'comida_rapida_sa1', 'http://qr.cl', NULL, 6, 5, 6, 0, '2013-07-11 07:59:59', 2),
(11, 'restaurant_sa2', 'http://qr.cl', NULL, 5, 7, 6, 1, '2013-07-11 03:27:16', 2),
(18, 'cafe_quillota03', 'http://qr.cl', NULL, 6, 46, 6, 1, '2013-07-11 03:27:16', 2),
(19, 'distribuidora_viana', 'http://qr.cl', NULL, 6, 47, 6, 1, '2013-07-11 03:27:16', 2),
(20, 'Platón', 'http://qr.cl', NULL, 6, 48, 5, 0, '2013-07-11 07:56:20', 2),
(21, 'comida_china_traslaviña', 'http://qr.cl', NULL, 6, 49, 6, 1, '2013-07-11 03:27:16', 2),
(22, 'cafe express libertad 04', 'http://qr.cl', NULL, 6, 50, 6, 1, '2013-07-11 03:27:16', 2),
(23, 'Botilleria estrella', 'http://qr.cl', NULL, 6, 51, 6, 1, '2013-07-11 10:40:37', 2),
(24, 'Platón food', 'http://qr.cl', NULL, 6, 52, 5, 1, '2013-07-11 07:58:08', 2),
(25, 'Fast food quillota', 'http://qr.cl', NULL, 6, 53, 6, 1, '2013-07-11 08:00:47', 2),
(26, 'Confitería Aries', 'http://qr.cl', NULL, 6, 54, 6, 1, '2013-07-11 08:51:33', 2),
(27, 'Mc donald arauco', 'http://qr.cl', NULL, 6, 55, 6, 0, '2013-07-11 11:51:11', 2),
(28, 'Mc donald arauco', 'http://qr.cl', NULL, 6, 56, 6, 0, '2013-07-11 11:52:44', 2),
(29, 'Sushi mix', 'http://qr.cl', NULL, 6, 57, 6, 1, '2013-07-11 11:53:29', 2);

-- --------------------------------------------------------

--
-- Estructura de tabla para la tabla `menu`
--

CREATE TABLE IF NOT EXISTS `menu` (
  `idMenu` int(11) NOT NULL AUTO_INCREMENT,
  `Nombre_Menu_es` varchar(80) DEFAULT NULL,
  `Nombre_Menu_en` varchar(80) DEFAULT NULL,
  `Precio` int(11) DEFAULT NULL,
  `idLocal` int(11) NOT NULL,
  `Estado` tinyint(1) NOT NULL,
  `Fecha` timestamp NOT NULL DEFAULT CURRENT_TIMESTAMP ON UPDATE CURRENT_TIMESTAMP,
  `idUsuariosAudit` int(11) NOT NULL,
  PRIMARY KEY (`idMenu`),
  KEY `idUsuariosAudit` (`idUsuariosAudit`),
  KEY `idLocal` (`idLocal`)
) ENGINE=InnoDB  DEFAULT CHARSET=latin1 AUTO_INCREMENT=24 ;

--
-- Volcado de datos para la tabla `menu`
--

INSERT INTO `menu` (`idMenu`, `Nombre_Menu_es`, `Nombre_Menu_en`, `Precio`, `idLocal`, `Estado`, `Fecha`, `idUsuariosAudit`) VALUES
(1, 'Completo', 'Completo', 1390, 1, 1, '2013-07-05 01:06:46', 2),
(2, 'Salchipapa', 'Salchipapa', 1990, 1, 1, '2013-07-11 03:25:21', 2),
(3, 'Buger XL', 'Buger XL', 2450, 8, 1, '2013-07-11 03:27:46', 2),
(4, 'Chapalele', 'Chapalele', 4990, 11, 1, '2013-07-11 03:27:46', 2),
(5, 'Cafe capuccino', 'Coffe', 690, 18, 1, '2013-07-11 03:27:46', 2),
(6, 'Moccacino', 'Moccacino', 990, 18, 1, '2013-07-11 03:28:04', 2),
(7, 'Ron abuelo', 'Grandfather rum', 3990, 23, 1, '2013-07-11 11:43:48', 2),
(8, 'Cristal cerveza 2lt', 'Cristal beer 2lt', 1990, 23, 1, '2013-07-11 10:04:59', 2),
(9, 'Capel pisco sour limon', 'Pisco capel sour lemon', 3790, 23, 1, '2013-07-11 10:05:20', 2),
(10, 'Pollo al jugo', 'Chicken at juice', 4990, 24, 1, '2013-07-11 09:53:06', 2),
(11, 'Chorrillanas Grande', 'Chorrillana', 10990, 24, 1, '2013-07-11 09:53:12', 2),
(12, 'Pizza mediana napolitana', 'Napolitan middle pizza', 9990, 24, 1, '2013-07-11 09:53:19', 2),
(13, 'Almuerzo del dia', 'dayly lunch', 1990, 25, 1, '2013-07-11 09:53:27', 2),
(15, 'Tabletones unidad x 100', 'Tablet Chocolates x 100', 1990, 26, 1, '2013-07-11 08:18:19', 2),
(16, 'Choco alegre', 'Happy choc', 780, 26, 1, '2013-07-11 08:52:12', 2),
(17, 'Mc suddae', 'Mc suddae', 590, 27, 1, '2013-07-11 11:47:51', 2),
(18, '', '', 0, 27, 1, '2013-07-11 11:47:51', 2),
(19, 'Cajita feliz', 'Little Happy box', 2100, 28, 1, '2013-07-11 11:52:01', 2),
(20, '', '', 0, 28, 1, '2013-07-11 11:52:01', 2),
(21, 'Sushi max', 'Sushi max', 2990, 29, 1, '2013-07-11 11:53:29', 2),
(22, '', '', 0, 29, 1, '2013-07-11 11:53:29', 2),
(23, '', '', 0, 29, 1, '2013-07-11 11:53:29', 2);

-- --------------------------------------------------------

--
-- Estructura de tabla para la tabla `nubcarta`
--

CREATE TABLE IF NOT EXISTS `nubcarta` (
  `idNub` int(11) NOT NULL AUTO_INCREMENT,
  `idIngredientes` int(11) NOT NULL,
  `idMenu` int(11) NOT NULL,
  `Estado` tinyint(1) NOT NULL,
  `Fecha` timestamp NOT NULL DEFAULT CURRENT_TIMESTAMP ON UPDATE CURRENT_TIMESTAMP,
  `idUsuariosAudit` int(11) NOT NULL,
  PRIMARY KEY (`idNub`,`idIngredientes`,`idMenu`),
  KEY `idUsuariosAudit` (`idUsuariosAudit`),
  KEY `idIngredientes` (`idIngredientes`),
  KEY `idMenu` (`idMenu`)
) ENGINE=InnoDB  DEFAULT CHARSET=latin1 AUTO_INCREMENT=6 ;

--
-- Volcado de datos para la tabla `nubcarta`
--

INSERT INTO `nubcarta` (`idNub`, `idIngredientes`, `idMenu`, `Estado`, `Fecha`, `idUsuariosAudit`) VALUES
(1, 6, 1, 1, '2013-07-05 01:14:46', 2),
(2, 7, 1, 1, '2013-07-05 01:14:46', 2),
(3, 8, 1, 1, '2013-07-05 01:14:46', 2),
(4, 9, 1, 1, '2013-07-05 01:14:46', 2),
(5, 10, 1, 1, '2013-07-05 01:14:46', 2);

-- --------------------------------------------------------

--
-- Estructura de tabla para la tabla `personas`
--

CREATE TABLE IF NOT EXISTS `personas` (
  `idPersonas` int(11) NOT NULL AUTO_INCREMENT,
  `Nombre_Personas` varchar(80) DEFAULT NULL,
  `Apellido_Pat` varchar(80) DEFAULT NULL,
  `Apellido_Mat` varchar(80) DEFAULT NULL,
  `Fecha_Nacimiento` date DEFAULT NULL,
  `Sexo` varchar(1) DEFAULT NULL,
  `run` varchar(15) NOT NULL,
  `Estado` tinyint(1) NOT NULL,
  `Fecha` timestamp NOT NULL DEFAULT CURRENT_TIMESTAMP ON UPDATE CURRENT_TIMESTAMP,
  `idUsuariosAudit` int(11) NOT NULL,
  PRIMARY KEY (`idPersonas`),
  KEY `idUsuariosAudit` (`idUsuariosAudit`)
) ENGINE=InnoDB  DEFAULT CHARSET=latin1 AUTO_INCREMENT=57 ;

--
-- Volcado de datos para la tabla `personas`
--

INSERT INTO `personas` (`idPersonas`, `Nombre_Personas`, `Apellido_Pat`, `Apellido_Mat`, `Fecha_Nacimiento`, `Sexo`, `run`, `Estado`, `Fecha`, `idUsuariosAudit`) VALUES
(1, 'Antonio eduardo', 'Armijo', 'Saez', '1988-04-08', '1', '12437380-8', 1, '2013-07-10 21:54:35', 2),
(2, 'Javiera', 'Contreras', 'Contreras', '1989-02-15', '0', '17353941-k', 1, '2013-07-11 13:19:22', 2),
(3, 'Luis', 'Neruda', 'Perez', '0000-00-00', '1', '11988428-4', 1, '2013-07-10 21:54:35', 2),
(9, 'Armando', 'Casas', 'Cisternas', '2008-01-01', '1', '13855786-3', 1, '2013-07-10 21:54:35', 2),
(12, 'Peon', 'Peonino', 'Peontio', '2008-01-01', '1', '21256053-7', 1, '2013-07-10 21:54:35', 2),
(13, 'Pedro', 'Osky', 'pedriin', '2008-02-04', '1', '10920561-3', 1, '2013-07-10 21:54:35', 2),
(14, 'Camilo', 'Contreras', 'Caceres', '2008-01-01', '1', '18035668-1', 1, '2013-07-10 21:54:35', 2),
(53, 'Mauricio', 'Vargas', 'Nunes', '1985-04-01', '1', '1545465-121', 1, '2013-07-11 21:07:54', 2),
(56, 'Lorena', 'zamorano', 'zamora', '1999-05-06', '1', '45454-1', 1, '2013-07-11 21:16:43', 2);

-- --------------------------------------------------------

--
-- Estructura de tabla para la tabla `provincias`
--

CREATE TABLE IF NOT EXISTS `provincias` (
  `idProvincias` int(11) NOT NULL AUTO_INCREMENT,
  `Nombre_Provincias` varchar(80) DEFAULT NULL,
  `idRegiones` int(11) NOT NULL,
  `Estado` tinyint(1) NOT NULL,
  `Fecha` timestamp NOT NULL DEFAULT CURRENT_TIMESTAMP ON UPDATE CURRENT_TIMESTAMP,
  `idUsuariosAudit` int(11) NOT NULL,
  PRIMARY KEY (`idProvincias`),
  KEY `idUsuariosAudit` (`idUsuariosAudit`),
  KEY `idRegiones` (`idRegiones`)
) ENGINE=InnoDB  DEFAULT CHARSET=latin1 AUTO_INCREMENT=9 ;

--
-- Volcado de datos para la tabla `provincias`
--

INSERT INTO `provincias` (`idProvincias`, `Nombre_Provincias`, `idRegiones`, `Estado`, `Fecha`, `idUsuariosAudit`) VALUES
(1, 'Isla de Pascua', 5, 1, '2013-07-04 20:22:38', 2),
(2, 'Los Andes', 5, 1, '2013-06-11 20:14:36', 2),
(3, 'Marga Marga', 5, 1, '2013-07-04 20:22:38', 2),
(4, 'Petorca', 5, 1, '2013-07-04 20:22:38', 2),
(5, 'Quillota', 5, 1, '2013-07-04 20:22:38', 2),
(6, 'San Antonio', 5, 1, '2013-07-04 20:22:38', 2),
(7, 'San Felipe de Aconcagua', 5, 1, '2013-07-04 20:22:38', 2),
(8, 'Valparaíso', 5, 1, '2013-07-04 20:22:38', 2);

-- --------------------------------------------------------

--
-- Estructura de tabla para la tabla `regiones`
--

CREATE TABLE IF NOT EXISTS `regiones` (
  `idRegiones` int(11) NOT NULL AUTO_INCREMENT,
  `Nombre_Regiones` varchar(80) DEFAULT NULL,
  `Estado` tinyint(1) NOT NULL,
  `Fecha` timestamp NOT NULL DEFAULT CURRENT_TIMESTAMP ON UPDATE CURRENT_TIMESTAMP,
  `idUsuariosAudit` int(11) NOT NULL,
  PRIMARY KEY (`idRegiones`),
  KEY `idUsuariosAudit` (`idUsuariosAudit`)
) ENGINE=InnoDB  DEFAULT CHARSET=latin1 AUTO_INCREMENT=16 ;

--
-- Volcado de datos para la tabla `regiones`
--

INSERT INTO `regiones` (`idRegiones`, `Nombre_Regiones`, `Estado`, `Fecha`, `idUsuariosAudit`) VALUES
(1, 'Tarapacá', 1, '2013-06-11 19:38:33', 2),
(2, 'Antofagasta', 1, '2013-06-11 20:14:36', 2),
(3, 'Atacama', 1, '2013-07-04 20:16:10', 2),
(4, 'Coquimbo', 1, '2013-07-04 20:16:16', 2),
(5, 'Valparaíso', 1, '2013-07-04 20:16:16', 2),
(6, 'O''Higgins', 1, '2013-07-04 20:16:16', 2),
(7, 'Maule', 1, '2013-07-04 20:16:16', 2),
(8, 'Biobío', 1, '2013-07-04 20:16:16', 2),
(9, 'La Araucanía', 1, '2013-07-04 20:16:16', 2),
(10, 'Los Lagos', 1, '2013-07-04 20:16:16', 2),
(11, 'Aysén', 1, '2013-07-04 20:16:16', 2),
(12, 'Magallanes', 1, '2013-07-04 20:16:16', 2),
(13, 'Metropolitana de Santiago', 1, '2013-07-04 20:16:16', 2),
(14, 'Los Ríos', 1, '2013-07-04 20:16:16', 2),
(15, 'Arica y Parinacota', 1, '2013-07-04 20:16:16', 2);

-- --------------------------------------------------------

--
-- Estructura de tabla para la tabla `telefonos`
--

CREATE TABLE IF NOT EXISTS `telefonos` (
  `idTelefonos` int(11) NOT NULL AUTO_INCREMENT,
  `CodArea` int(11) DEFAULT NULL,
  `NumTelefono` int(11) DEFAULT NULL,
  `idTipo` int(11) NOT NULL,
  `idPersonas` int(11) NOT NULL,
  `Estado` tinyint(1) NOT NULL,
  `Fecha` timestamp NOT NULL DEFAULT CURRENT_TIMESTAMP ON UPDATE CURRENT_TIMESTAMP,
  `idUsuariosAudit` int(11) NOT NULL,
  PRIMARY KEY (`idTelefonos`),
  KEY `idUsuariosAudit` (`idUsuariosAudit`),
  KEY `idTipo` (`idTipo`),
  KEY `idPersonas` (`idPersonas`)
) ENGINE=InnoDB  DEFAULT CHARSET=latin1 AUTO_INCREMENT=17 ;

--
-- Volcado de datos para la tabla `telefonos`
--

INSERT INTO `telefonos` (`idTelefonos`, `CodArea`, `NumTelefono`, `idTipo`, `idPersonas`, `Estado`, `Fecha`, `idUsuariosAudit`) VALUES
(1, 32, 2612125, 10, 1, 1, '2013-07-11 12:17:38', 2),
(16, 4545, 5474541, 9, 56, 1, '2013-07-11 21:16:43', 2);

-- --------------------------------------------------------

--
-- Estructura de tabla para la tabla `tipo`
--

CREATE TABLE IF NOT EXISTS `tipo` (
  `idTipo` int(11) NOT NULL AUTO_INCREMENT,
  `Nombre_Tipo` varchar(80) DEFAULT NULL,
  `Nombre_Tabla` varchar(80) NOT NULL,
  `Estado` tinyint(1) DEFAULT NULL,
  `Fecha` timestamp NOT NULL DEFAULT CURRENT_TIMESTAMP ON UPDATE CURRENT_TIMESTAMP,
  `idUsuariosAudit` int(11) NOT NULL,
  PRIMARY KEY (`idTipo`),
  KEY `idUsuariosAudit` (`idUsuariosAudit`)
) ENGINE=InnoDB  DEFAULT CHARSET=latin1 AUTO_INCREMENT=11 ;

--
-- Volcado de datos para la tabla `tipo`
--

INSERT INTO `tipo` (`idTipo`, `Nombre_Tipo`, `Nombre_Tabla`, `Estado`, `Fecha`, `idUsuariosAudit`) VALUES
(3, 'Casa', 'direccion', 1, '2013-07-04 20:57:09', 2),
(4, 'Trabajo', 'direccion', 1, '2013-07-04 20:57:09', 2),
(5, 'Casa Matriz', 'local', 1, '2013-07-04 21:45:04', 2),
(6, 'Sucursal', 'local', 1, '2013-07-04 21:45:04', 2),
(7, 'Personal', 'correoelectronico', 1, '2013-07-05 01:03:17', 2),
(8, 'Comercial', 'correoelectronico', 1, '2013-07-05 01:03:17', 2),
(9, 'Personal', 'telefonos', 1, '2013-07-05 01:05:06', 2),
(10, 'Comercial', 'telefonos', 1, '2013-07-05 01:05:06', 2);

-- --------------------------------------------------------

--
-- Estructura de tabla para la tabla `tipousuarios`
--

CREATE TABLE IF NOT EXISTS `tipousuarios` (
  `idTipoUsuarios` int(11) NOT NULL AUTO_INCREMENT,
  `Nombre_TipoUsuarios` varchar(80) DEFAULT NULL,
  `Estado` tinyint(1) NOT NULL,
  `Fecha` timestamp NOT NULL DEFAULT CURRENT_TIMESTAMP ON UPDATE CURRENT_TIMESTAMP,
  `idUsuariosAudit` int(11) NOT NULL,
  PRIMARY KEY (`idTipoUsuarios`),
  KEY `idUsuariosAudit` (`idUsuariosAudit`)
) ENGINE=InnoDB  DEFAULT CHARSET=latin1 AUTO_INCREMENT=6 ;

--
-- Volcado de datos para la tabla `tipousuarios`
--

INSERT INTO `tipousuarios` (`idTipoUsuarios`, `Nombre_TipoUsuarios`, `Estado`, `Fecha`, `idUsuariosAudit`) VALUES
(4, 'administrador', 1, '2013-07-05 01:43:31', 2),
(5, 'operario', 1, '2013-07-05 01:43:41', 2);

-- --------------------------------------------------------

--
-- Estructura de tabla para la tabla `usuarios`
--

CREATE TABLE IF NOT EXISTS `usuarios` (
  `idUsuarios` int(11) NOT NULL AUTO_INCREMENT,
  `Nombre_Usuarios` varchar(80) DEFAULT NULL,
  `idTipoUsuarios` int(11) NOT NULL,
  `Password` varchar(80) DEFAULT NULL,
  `idPersonas` int(11) NOT NULL,
  `Estado` tinyint(1) NOT NULL,
  `Fecha` timestamp NOT NULL DEFAULT CURRENT_TIMESTAMP ON UPDATE CURRENT_TIMESTAMP,
  `idUsuariosAudit` int(11) NOT NULL,
  PRIMARY KEY (`idUsuarios`),
  KEY `idPersonas` (`idPersonas`),
  KEY `idTipoUsuarios` (`idTipoUsuarios`)
) ENGINE=InnoDB  DEFAULT CHARSET=latin1 AUTO_INCREMENT=43 ;

--
-- Volcado de datos para la tabla `usuarios`
--

INSERT INTO `usuarios` (`idUsuarios`, `Nombre_Usuarios`, `idTipoUsuarios`, `Password`, `idPersonas`, `Estado`, `Fecha`, `idUsuariosAudit`) VALUES
(2, 'administrador', 4, 'administrador', 1, 1, '2013-07-04 21:29:44', 1),
(4, 'operario', 5, 'operario', 2, 1, '2013-07-07 20:36:40', 2),
(5, 'asd', 4, 'asd', 3, 1, '2013-07-05 07:31:11', 0),
(6, 'kikiribu', 5, 'buu', 9, 1, '2013-07-08 01:29:30', 0),
(7, 'peontio_user', 5, 'passpeontio', 12, 1, '2013-07-08 01:50:04', 2),
(8, 'pedro_mont', 5, 'pedrosky', 13, 1, '2013-07-08 02:51:02', 2),
(9, 'camilote', 5, 'camilote', 14, 1, '2013-07-08 04:40:34', 2),
(10, 'antonio', 5, 'armijo', 1, 0, '2013-07-11 12:16:36', 2),
(39, 'Mauricio_01', 5, 'mauro', 53, 1, '2013-07-11 21:07:54', 2),
(42, 'lorena_01', 5, 'lore', 56, 1, '2013-07-11 21:16:43', 2);

--
-- Restricciones para tablas volcadas
--

--
-- Filtros para la tabla `comunas`
--
ALTER TABLE `comunas`
  ADD CONSTRAINT `comunas_ibfk_1` FOREIGN KEY (`idUsuariosAudit`) REFERENCES `usuarios` (`idUsuarios`) ON DELETE CASCADE ON UPDATE CASCADE,
  ADD CONSTRAINT `comunas_ibfk_2` FOREIGN KEY (`idProvincias`) REFERENCES `provincias` (`idProvincias`) ON DELETE CASCADE ON UPDATE CASCADE;

--
-- Filtros para la tabla `correoelectronico`
--
ALTER TABLE `correoelectronico`
  ADD CONSTRAINT `correoelectronico_ibfk_1` FOREIGN KEY (`idUsuariosAudit`) REFERENCES `usuarios` (`idUsuarios`) ON DELETE CASCADE ON UPDATE CASCADE,
  ADD CONSTRAINT `correoelectronico_ibfk_2` FOREIGN KEY (`idPersonas`) REFERENCES `personas` (`idPersonas`) ON DELETE CASCADE ON UPDATE CASCADE,
  ADD CONSTRAINT `correoelectronico_ibfk_3` FOREIGN KEY (`idTipo`) REFERENCES `tipo` (`idTipo`) ON DELETE CASCADE ON UPDATE CASCADE;

--
-- Filtros para la tabla `direccion`
--
ALTER TABLE `direccion`
  ADD CONSTRAINT `direccion_ibfk_1` FOREIGN KEY (`idUsuariosAudit`) REFERENCES `usuarios` (`idUsuarios`) ON DELETE CASCADE ON UPDATE CASCADE,
  ADD CONSTRAINT `direccion_ibfk_2` FOREIGN KEY (`idPersonas`) REFERENCES `personas` (`idPersonas`) ON DELETE CASCADE ON UPDATE CASCADE,
  ADD CONSTRAINT `direccion_ibfk_3` FOREIGN KEY (`idComunas`) REFERENCES `comunas` (`idComunas`) ON DELETE CASCADE ON UPDATE CASCADE,
  ADD CONSTRAINT `direccion_ibfk_4` FOREIGN KEY (`idTipo`) REFERENCES `tipo` (`idTipo`) ON DELETE CASCADE ON UPDATE CASCADE;

--
-- Filtros para la tabla `empresa`
--
ALTER TABLE `empresa`
  ADD CONSTRAINT `empresa_ibfk_1` FOREIGN KEY (`idUsuariosAudit`) REFERENCES `usuarios` (`idUsuarios`) ON DELETE CASCADE ON UPDATE CASCADE,
  ADD CONSTRAINT `empresa_ibfk_2` FOREIGN KEY (`idUsuarios`) REFERENCES `usuarios` (`idUsuarios`) ON DELETE CASCADE ON UPDATE CASCADE;

--
-- Filtros para la tabla `formapago`
--
ALTER TABLE `formapago`
  ADD CONSTRAINT `formapago_ibfk_1` FOREIGN KEY (`idUsuariosAudit`) REFERENCES `usuarios` (`idUsuarios`) ON DELETE CASCADE ON UPDATE CASCADE;

--
-- Filtros para la tabla `formapagolocal`
--
ALTER TABLE `formapagolocal`
  ADD CONSTRAINT `formapagolocal_ibfk_1` FOREIGN KEY (`idUsuariosAudit`) REFERENCES `usuarios` (`idUsuarios`) ON DELETE CASCADE ON UPDATE CASCADE,
  ADD CONSTRAINT `formapagolocal_ibfk_2` FOREIGN KEY (`idLocal`) REFERENCES `local` (`idLocal`) ON DELETE CASCADE ON UPDATE CASCADE,
  ADD CONSTRAINT `formapagolocal_ibfk_3` FOREIGN KEY (`idFormaPago`) REFERENCES `formapago` (`idFormaPago`) ON DELETE CASCADE ON UPDATE CASCADE;

--
-- Filtros para la tabla `ingredientes`
--
ALTER TABLE `ingredientes`
  ADD CONSTRAINT `ingredientes_ibfk_1` FOREIGN KEY (`idUsuariosAudit`) REFERENCES `usuarios` (`idUsuarios`) ON DELETE CASCADE ON UPDATE CASCADE;

--
-- Filtros para la tabla `local`
--
ALTER TABLE `local`
  ADD CONSTRAINT `local_ibfk_1` FOREIGN KEY (`idUsuariosAudit`) REFERENCES `usuarios` (`idUsuarios`) ON DELETE CASCADE ON UPDATE CASCADE,
  ADD CONSTRAINT `local_ibfk_2` FOREIGN KEY (`idTipo`) REFERENCES `tipo` (`idTipo`) ON DELETE CASCADE ON UPDATE CASCADE,
  ADD CONSTRAINT `local_ibfk_3` FOREIGN KEY (`idDireccion`) REFERENCES `direccion` (`idDireccion`) ON DELETE CASCADE ON UPDATE CASCADE,
  ADD CONSTRAINT `local_ibfk_4` FOREIGN KEY (`idEmpresa`) REFERENCES `empresa` (`idEmpresa`) ON DELETE CASCADE ON UPDATE CASCADE;

--
-- Filtros para la tabla `menu`
--
ALTER TABLE `menu`
  ADD CONSTRAINT `menu_ibfk_1` FOREIGN KEY (`idUsuariosAudit`) REFERENCES `usuarios` (`idUsuarios`) ON DELETE CASCADE ON UPDATE CASCADE,
  ADD CONSTRAINT `menu_ibfk_2` FOREIGN KEY (`idLocal`) REFERENCES `local` (`idLocal`) ON DELETE CASCADE ON UPDATE CASCADE;

--
-- Filtros para la tabla `nubcarta`
--
ALTER TABLE `nubcarta`
  ADD CONSTRAINT `nubcarta_ibfk_1` FOREIGN KEY (`idUsuariosAudit`) REFERENCES `usuarios` (`idUsuarios`) ON DELETE CASCADE ON UPDATE CASCADE,
  ADD CONSTRAINT `nubcarta_ibfk_2` FOREIGN KEY (`idMenu`) REFERENCES `menu` (`idMenu`) ON DELETE CASCADE ON UPDATE CASCADE,
  ADD CONSTRAINT `nubcarta_ibfk_3` FOREIGN KEY (`idIngredientes`) REFERENCES `ingredientes` (`idIngredientes`) ON DELETE CASCADE ON UPDATE CASCADE;

--
-- Filtros para la tabla `personas`
--
ALTER TABLE `personas`
  ADD CONSTRAINT `personas_ibfk_1` FOREIGN KEY (`idUsuariosAudit`) REFERENCES `usuarios` (`idUsuarios`) ON DELETE CASCADE ON UPDATE CASCADE;

--
-- Filtros para la tabla `provincias`
--
ALTER TABLE `provincias`
  ADD CONSTRAINT `provincias_ibfk_1` FOREIGN KEY (`idUsuariosAudit`) REFERENCES `usuarios` (`idUsuarios`) ON DELETE CASCADE ON UPDATE CASCADE,
  ADD CONSTRAINT `provincias_ibfk_2` FOREIGN KEY (`idRegiones`) REFERENCES `regiones` (`idRegiones`) ON DELETE CASCADE ON UPDATE CASCADE;

--
-- Filtros para la tabla `regiones`
--
ALTER TABLE `regiones`
  ADD CONSTRAINT `regiones_ibfk_1` FOREIGN KEY (`idUsuariosAudit`) REFERENCES `usuarios` (`idUsuarios`) ON DELETE CASCADE ON UPDATE CASCADE;

--
-- Filtros para la tabla `telefonos`
--
ALTER TABLE `telefonos`
  ADD CONSTRAINT `telefonos_ibfk_1` FOREIGN KEY (`idUsuariosAudit`) REFERENCES `usuarios` (`idUsuarios`) ON DELETE CASCADE ON UPDATE CASCADE,
  ADD CONSTRAINT `telefonos_ibfk_2` FOREIGN KEY (`idTipo`) REFERENCES `tipo` (`idTipo`) ON DELETE CASCADE ON UPDATE CASCADE,
  ADD CONSTRAINT `telefonos_ibfk_3` FOREIGN KEY (`idPersonas`) REFERENCES `personas` (`idPersonas`) ON DELETE CASCADE ON UPDATE CASCADE;

--
-- Filtros para la tabla `tipo`
--
ALTER TABLE `tipo`
  ADD CONSTRAINT `tipo_ibfk_1` FOREIGN KEY (`idUsuariosAudit`) REFERENCES `usuarios` (`idUsuarios`) ON DELETE CASCADE ON UPDATE CASCADE;

--
-- Filtros para la tabla `tipousuarios`
--
ALTER TABLE `tipousuarios`
  ADD CONSTRAINT `tipousuarios_ibfk_1` FOREIGN KEY (`idUsuariosAudit`) REFERENCES `usuarios` (`idUsuarios`) ON DELETE CASCADE ON UPDATE CASCADE;

--
-- Filtros para la tabla `usuarios`
--
ALTER TABLE `usuarios`
  ADD CONSTRAINT `usuarios_ibfk_1` FOREIGN KEY (`idPersonas`) REFERENCES `personas` (`idPersonas`) ON DELETE CASCADE ON UPDATE CASCADE;

/*!40101 SET CHARACTER_SET_CLIENT=@OLD_CHARACTER_SET_CLIENT */;
/*!40101 SET CHARACTER_SET_RESULTS=@OLD_CHARACTER_SET_RESULTS */;
/*!40101 SET COLLATION_CONNECTION=@OLD_COLLATION_CONNECTION */;
